-- phpMyAdmin SQL Dump
-- version 5.2.1
-- https://www.phpmyadmin.net/
--
-- Servidor: mariadb2
-- Tiempo de generación: 11-04-2024 a las 17:40:06
-- Versión del servidor: 10.7.8-MariaDB-1:10.7.8+maria~ubu2004
-- Versión de PHP: 8.2.14

-- DROP DATABASE IF EXISTS cherlock;
-- CREATE DATABASE cherlock;

USE cherlock;

SET SQL_MODE = "NO_AUTO_VALUE_ON_ZERO";
START TRANSACTION;
SET time_zone = "+00:00";


/*!40101 SET @OLD_CHARACTER_SET_CLIENT=@@CHARACTER_SET_CLIENT */;
/*!40101 SET @OLD_CHARACTER_SET_RESULTS=@@CHARACTER_SET_RESULTS */;
/*!40101 SET @OLD_COLLATION_CONNECTION=@@COLLATION_CONNECTION */;
/*!40101 SET NAMES utf8mb4 */;

--
-- Base de datos: `cherlock`
--

-- --------------------------------------------------------

--
-- Estructura de tabla para la tabla `aules`
--

CREATE TABLE `aules` (
  `id_aula` int(11) NOT NULL,
  `codi` int(11) DEFAULT 0,
  `nom` varchar(30) NOT NULL,
  `bloc` varchar(30) NOT NULL,
  `pis` int(11) NOT NULL DEFAULT 0
) ENGINE=InnoDB DEFAULT CHARSET=utf8mb4 COLLATE=utf8mb4_general_ci;

--
-- Volcado de datos para la tabla `aules`
--

INSERT INTO `aules` (`id_aula`, `codi`, `nom`, `bloc`, `pis`) VALUES
(1, 133718, 'A000', 'A', 0),
(2, 133712, 'A100', 'A', 0),
(3, 133721, 'A200', 'A', 0),
(4, 133731, 'B000', 'B', 0),
(5, 133736, 'B100', 'B', 0),
(6, 133741, 'C100', 'C', 0),
(7, 133746, 'C400', 'C', 0),
(8, 133724, 'A101', 'A', 0),
(9, 133722, 'A111', 'A', 1),
(10, 133706, 'A201', 'A', 0),
(11, 133732, 'B001', 'B', 0),
(12, 133737, 'B101', 'C', 0),
(13, 133742, 'C101', 'C', 0),
(14, 133743, 'C201', 'C', 0),
(15, 133745, 'C301', 'C', 0),
(16, 133747, 'C401', 'C', 0),
(17, 133710, 'A202', 'A', 0),
(18, 133733, 'B002', 'B', 0),
(19, 133738, 'B102', 'B', 0),
(20, 133744, 'C202', 'C', 0),
(21, 133751, 'C402', 'C', 0),
(22, 133702, 'A203', 'A', 0),
(23, 133734, 'B003', 'B', 0),
(24, 133716, 'A104', 'A', 0),
(25, 133707, 'A204', 'A', 0),
(26, 133735, 'B004', 'B', 0),
(27, 133739, 'B104', 'B', 0),
(28, 133709, 'A105', 'A', 0),
(29, 133740, 'B105', 'B', 0),
(30, 133713, 'A206', 'A', 0),
(31, 133720, 'A107', 'A', 0),
(32, 133708, 'A208', 'A', 0),
(33, 133700, 'A109', 'A', 0),
(34, 133723, 'A209', 'A', 0),
(35, 133703, 'A210', 'A', 0),
(36, 133748, 'C110', 'C', 0),
(37, 133749, 'C210', 'C', 0),
(38, 133750, 'C310', 'C', 0),
(39, 133752, 'C410', 'C', 0),
(40, 133701, 'A112', 'A', 0),
(41, 133725, 'A212', 'A', 0),
(42, 133714, 'A113', 'A', 0),
(43, 133705, 'A114', 'A', 0),
(44, 58910, 'A001 (Secretaria)', 'A', 0),
(45, 58810, 'A002 (DIRECCIÓ - CAPORALIA)', 'A', 0),
(46, 58790, 'A003 (Sala professorat)', 'A', 0),
(47, 58990, 'A006 Biblioteca', 'A', 0),
(48, 59030, 'A007 (Porteria Interior)', 'A', 0),
(49, 59010, 'A008', 'A', 0),
(50, 57850, 'A013 (Departament de comerç)', 'A', 0),
(51, 133729, 'A015', 'A', 0),
(52, 40950, 'A016 (Sala de juntes)', 'A', 0),
(53, 40951, 'A017 (Sala de reunions I)', 'A', 0),
(54, 40970, 'A018 (Sala de reunions II)', 'A', 0),
(55, 57870, 'A019 (DIOP/Departament de FOL)', 'A', 0),
(56, 133728, 'A207', 'A', 0),
(57, 58890, 'B006 (Baix escala Bloc B)', 'A', 0),
(58, 65075, 'B103', 'A', 0),
(59, 65350, 'Cafeteria', 'A', 0),
(60, 59050, 'C000 (consergeria exterior)', 'A', 0),
(61, 133753, 'C300', 'A', 0),
(62, 65093, 'Passadissos i vestíbuls', 'A', 0),
(63, 65094, 'Passadissos i vestíbuls', 'A', 0),
(64, 65095, 'Passadissos i vestíbuls', 'A', 0),
(65, 65089, 'Pati', 'A', 0),
(66, 65092, 'Pati', 'A', 0),
(67, 65090, 'Pati', 'A', 0),
(68, 65091, 'Pistes esportives', 'A', 0),
(69, 65082, 'superfície de banys', 'A', 0),
(70, 65084, 'superfície de banys', 'A', 0),
(71, 65085, 'superfície de banys', 'A', 0),
(72, 65083, 'superfície de banys', 'A', 0),
(73, 65086, 'superfície de vidres', 'A', 0),
(74, 65087, 'superfície de vidres', 'A', 0),
(75, 65088, 'superfície de vidres', 'A', 0),
(76, 65079, 'Unitats de bany amb contenidor', 'A', 0),
(77, 65078, 'Unitats de bany amb contenidor', 'A', 0),
(78, 65076, 'Unitats de bany amb contenidor', 'A', 0),
(79, 65077, 'Unitats de bany amb contenidor', 'A', 0);

-- --------------------------------------------------------

--
-- Estructura de tabla para la tabla `carretons`
--

CREATE TABLE `carretons` (
  `id_car` int(11) NOT NULL,
  `nom` varchar(30) NOT NULL,
  `codi_aula` int(11) NOT NULL,
  `id_aula` int(11) NOT NULL,
  `estat` varchar(30) NOT NULL,
  `num_ord` int(11) NOT NULL DEFAULT 0
) ENGINE=InnoDB DEFAULT CHARSET=utf8mb4 COLLATE=utf8mb4_general_ci;

--
-- Volcado de datos para la tabla `carretons`
--

INSERT INTO `carretons` (`id_car`, `nom`, `codi_aula`, `id_aula`, `estat`, `num_ord`) VALUES
(1, 'ARMSATURN04', 13371, 1, 'OK', 3),
(2, 'ARMSATURN03', 133718, 1, 'OK', 3),
(3, 'ARMSATURN01', 133709, 28, 'OK', 3),
(4, 'ARMTERRA02', 133720, 31, 'OK', 6),
(5, 'ARMSATURN02', 133721, 3, 'OK', 7),
(6, 'ARMSATURN03', 133708, 32, 'OK', 2),
(7, 'ARMJUPITER02', 133723, 34, 'OK', 19),
(8, 'ARMURA03', 133753, 61, 'OK', 1),
(9, 'ARMPLUTO01', 133747, 16, 'OK', 17),
(10, 'ARMMURA02', 133747, 16, 'OK', 21),
(11, 'ARMURA01', 133751, 21, 'OK', 22);

-- --------------------------------------------------------

--
-- Estructura de tabla para la tabla `cicles`
--

CREATE TABLE `cicles` (
  `id_cicle` int(11) NOT NULL,
  `codi` int(11) NOT NULL DEFAULT 0,
  `nom` varchar(30) NOT NULL
) ENGINE=InnoDB DEFAULT CHARSET=utf8mb4 COLLATE=utf8mb4_general_ci;

--
-- Volcado de datos para la tabla `cicles`
--

INSERT INTO `cicles` (`id_cicle`, `codi`, `nom`) VALUES
(1, 341, 'IFC11'),
(2, 1066, 'IFC32'),
(3, 1072, 'IFC33'),
(4, 1160, 'Ciberseguretat'),
(5, 7837, 'IFC21'),
(17, 7051, 'IFC31');

-- --------------------------------------------------------

--
-- Estructura de tabla para la tabla `departaments`
--

CREATE TABLE `departaments` (
  `id_dept` int(11) NOT NULL,
  `codi` int(11) NOT NULL,
  `nom` varchar(50) NOT NULL,
  `email` varchar(100) DEFAULT NULL
) ENGINE=InnoDB DEFAULT CHARSET=utf8mb4 COLLATE=utf8mb4_general_ci;

--
-- Volcado de datos para la tabla `departaments`
--

INSERT INTO `departaments` (`id_dept`, `codi`, `nom`, `email`) VALUES
(1, 7314, 'Comerç i màrqueting (F.P.)', 'comercimarqueting@cifpfbmoll.eu'),
(2, 7313, 'Formació i orientació laboral', 'fol@cifpfbmoll.eu'),
(3, 7312, 'Imatge personal (F.P.)', 'imatgepersonal@cifpfbmoll.eu'),
(4, 7315, 'Informàtica i comunicacions (F.P.)', 'dept.informatica@cifpfbmoll.eu'),
(5, 7310, 'Orientació', 'orientacio@cifpfbmoll.eu'),
(6, 7311, 'Sanitat (F.P.)', 'sanitat@cifpfbmoll.eu');

-- --------------------------------------------------------

--
-- Estructura de tabla para la tabla `grups`
--

CREATE TABLE `grups` (
  `id_grup` int(11) NOT NULL,
  `codi` int(11) DEFAULT NULL,
  `nom` varchar(30) NOT NULL,
  `id_cicle` varchar(10) NOT NULL,
  `descripcio` varchar(30) NOT NULL,
  `id_tutor` varchar(50) NOT NULL,
  `id_tutor2` varchar(50) NOT NULL
) ENGINE=InnoDB DEFAULT CHARSET=utf8mb4 COLLATE=utf8mb4_general_ci;

--
-- Volcado de datos para la tabla `grups`
--

INSERT INTO `grups` (`id_grup`, `codi`, `nom`, `id_cicle`, `descripcio`, `id_tutor`, `id_tutor2`) VALUES
(1, 598350, 'A', '341', 'IFC11', 'EAPQLOSOQ2ODNUNDP34J4O91I6PMKU4D', ''),
(2, 598351, 'B', '341', 'IFC11', '2E5310CFDF700B12E050D70A59056A4C', '2E5310CFDF700B12E050D70A59056A4C'),
(3, 598385, 'A', '1066', 'IFC32', '9487DEAF0AC119D1E040D70A59052593', ''),
(4, 598386, 'B', '1066', 'IFC32', '9425F635D072D472E040D70A590548FB', '9425F635D072D472E040D70A590548FB'),
(5, 600235, 'C', '1066', 'IFC32', '9425F635D072D472E040D70A590548FB', ''),
(6, 598381, 'A', '1072', 'IFC33', '944BA534FC1FE45FE040D70A59055935', ''),
(7, 598382, 'B', '1072', 'IFC33', '944BA53600BAE45FE040D70A59055935', '944BA53600BAE45FE040D70A59055935'),
(8, 599913, 'C', '1072', 'IFC33', '944BA53600BAE45FE040D70A59055935', ''),
(9, 598383, 'W', '1072', 'IFC33', '2E5310CFE21F0B12E050D70A59056A4C', ''),
(10, 598384, 'X', '1072', 'IFC33', '944BA535721EE45FE040D70A59055935', ''),
(11, 598326, 'A', '1160', 'Ciberseguretat', '944BA535A3B4E45FE040D70A59055935', '944BA535A3B4E45FE040D70A59055935'),
(12, 598371, 'A', '7051', 'IFC31', 'ATEBPTYCH3I39DVQ87KC53A9C62JJED2', ''),
(13, 598372, 'B', '7051', 'IFC31', '9425F633E33ED472E040D70A590548FB', '9425F633E33ED472E040D70A590548FB'),
(14, 600230, 'C', '7051', 'IFC31', '9425F633E33ED472E040D70A590548FB', ''),
(15, 599813, 'D', '7051', 'IFC31', '9425F635DA7BD472E040D70A590548FB', ''),
(16, 598373, 'W', '7051', 'IFC31', 'B91203086F048E84E040D70A5905310A', ''),
(17, 598374, 'X', '7051', 'IFC31', '0X00J3SL1IRQZQNFNZZ3BF2C3NLR89P0', ''),
(18, 598368, 'A', '7837', 'IFC21', 'KK227M5LQXVIDLMM28DLNN3MO76EO83P', ''),
(19, 598369, 'B', '7837', 'IFC21', '9425F634D34AD472E040D70A590548FB', ''),
(20, 598370, 'C', '7837', 'IFC21', '9425F635D0F0D472E040D70A590548FB', '9425F635D0F0D472E040D70A590548FB'),
(21, 599599, 'D', '7837', 'IFC21', '9425F634D34AD472E040D70A590548FB', ''),
(22, 600314, 'E', '7837', 'IFC21', '9425F635D0F0D472E040D70A590548FB', '');

-- --------------------------------------------------------

--
-- Estructura de tabla para la tabla `horaris`
--

CREATE TABLE `horaris` (
  `id_hor` int(11) NOT NULL,
  `id_prof` varchar(50) NOT NULL,
  `id_cicle` int(11) DEFAULT 0,
  `id_grup` int(11) DEFAULT 0,
  `id_aula` int(11) DEFAULT 0,
  `dia` int(11) DEFAULT NULL,
  `hora` time NOT NULL,
  `durada` int(11) NOT NULL DEFAULT 55
) ENGINE=InnoDB DEFAULT CHARSET=utf8mb4 COLLATE=utf8mb4_general_ci;

--
-- Volcado de datos para la tabla `horaris`
--

INSERT INTO `horaris` (`id_hor`, `id_prof`, `id_cicle`, `id_grup`, `id_aula`, `dia`, `hora`, `durada`) VALUES
(1, '9425F634D34AD472E040D70A590548FB', 7837, 598368, 133743, 1, '11:45:00', 55),
(2, '9425F634D34AD472E040D70A590548FB', 7837, 598368, 133743, 2, '13:35:00', 55),
(3, '944BA534FC1FE45FE040D70A59055935', 7051, 598374, 133753, 5, '16:25:00', 55),
(4, '944BA534FC1FE45FE040D70A59055935', 7051, 598374, 133753, 5, '17:20:00', 55),
(5, '9425F635F856D472E040D70A590548FB', 292, 598358, 133734, 3, '08:30:00', 55),
(6, '9425F636851AD472E040D70A590548FB', 292, 598358, 133734, 3, '08:30:00', 55),
(7, '9425F636851AD472E040D70A590548FB', 292, 598358, 133734, 5, '08:30:00', 55),
(8, '9425F635F856D472E040D70A590548FB', 292, 598358, 133734, 5, '08:30:00', 55),
(9, '9487DEAF0AC119D1E040D70A59052593', 1066, 598385, 133708, 3, '15:30:00', 55),
(10, '9487DEAF0AC119D1E040D70A59052593', 1066, 598385, 133708, 3, '17:20:00', 55),
(11, '944BA5376E51E45FE040D70A59055935', 1066, 598385, 133708, 2, '15:30:00', 55),
(12, '944BA5376E51E45FE040D70A59055935', 1066, 598385, 133708, 2, '16:25:00', 55),
(13, '9425F633E33ED472E040D70A590548FB', 1066, 598385, 133708, 2, '18:45:00', 55),
(14, '944BA5362FC9E45FE040D70A59055935', 1066, 598385, 133708, 4, '18:45:00', 55),
(15, '944BA5376E51E45FE040D70A59055935', 1066, 598385, 133708, 5, '15:30:00', 55),
(16, '944BA5376E51E45FE040D70A59055935', 1066, 598385, 133708, 5, '16:25:00', 55),
(17, '9487DEAED79119D1E040D70A59052593', 1066, 598385, 133708, 4, '19:40:00', 55),
(18, '9487DEAED79119D1E040D70A59052593', 1066, 598385, 133708, 4, '20:35:00', 55),
(19, '944BA534FC1FE45FE040D70A59055935', 1066, 598385, 133708, 2, '19:40:00', 55),
(20, '944BA538102DE45FE040D70A59055935', 292, 598359, 133753, 2, '08:30:00', 55),
(21, '9425F635D072D472E040D70A590548FB', 1066, 598386, 133743, 4, '14:30:00', 60),
(22, '9425F635D072D472E040D70A590548FB', 1066, 598386, 133743, 1, '15:30:00', 55),
(23, '944BA534E04FE45FE040D70A59055935', 292, 598359, 133737, 2, '13:35:00', 55),
(24, 'B91203086F048E84E040D70A5905310A', 7051, 598373, 133720, 5, '17:20:00', 55),
(25, 'B91203086F048E84E040D70A5905310A', 7051, 598372, 133723, 1, '16:25:00', 55),
(26, 'B91203086F048E84E040D70A5905310A', 7051, 598372, 133723, 1, '17:20:00', 55),
(27, 'B91203086F048E84E040D70A5905310A', 7051, 598372, 133723, 2, '17:20:00', 55),
(28, '9425F635D0E1D472E040D70A590548FB', 292, 598358, 133716, 1, '11:45:00', 55),
(29, '0X00J3SL1IRQZQNFNZZ3BF2C3NLR89P0', 7051, 598374, 133753, 4, '14:30:00', 60),
(30, '9425F633E33ED472E040D70A590548FB', 7051, 598374, 133753, 2, '15:30:00', 55),
(31, '0X00J3SL1IRQZQNFNZZ3BF2C3NLR89P0', 7051, 598374, 133753, 1, '16:25:00', 55),
(32, '9425F636851AD472E040D70A590548FB', 292, 598358, 133734, 2, '11:45:00', 55),
(33, '9425F635F856D472E040D70A590548FB', 292, 598358, 133734, 2, '11:45:00', 55),
(34, '944BA534FC1FE45FE040D70A59055935', 7051, 598374, 133753, 5, '15:30:00', 55),
(35, '9487DEAEF90D19D1E040D70A59052593', 290, 598353, 133750, 3, '08:30:00', 55),
(36, '9425F63562C0D472E040D70A590548FB', 290, 598353, 133750, 3, '08:30:00', 55),
(37, '9487DEAEF93519D1E040D70A59052593', 290, 598353, 133750, 3, '08:30:00', 55),
(38, '9487DEAEF93519D1E040D70A59052593', 290, 598353, 133750, 3, '08:30:00', 55),
(39, '9425F63564CED472E040D70A590548FB', 290, 598353, 133750, 3, '10:20:00', 55),
(40, '944BA534E04FE45FE040D70A59055935', 292, 598359, 133737, 3, '08:30:00', 55),
(41, 'ATEBPTYCH3I39DVQ87KC53A9C62JJED2', 1066, 598386, 133743, 5, '16:25:00', 55),
(42, '944BA534E04FE45FE040D70A59055935', 292, 598359, 133737, 3, '09:25:00', 55),
(43, '944BA534E04FE45FE040D70A59055935', 292, 598359, 133737, 3, '10:20:00', 55),
(44, '944BA5381316E45FE040D70A59055935', 1066, 598386, 133743, 3, '19:40:00', 55),
(45, 'ATEBPTYCH3I39DVQ87KC53A9C62JJED2', 1066, 598386, 133743, 1, '18:45:00', 55),
(46, '944BA5381316E45FE040D70A59055935', 1066, 598386, 133743, 3, '20:35:00', 55),
(47, 'ATEBPTYCH3I39DVQ87KC53A9C62JJED2', 1066, 598386, 133743, 2, '19:40:00', 55),
(48, '9425F635F856D472E040D70A590548FB', 292, 598359, 133745, 3, '12:40:00', 55),
(49, 'ATEBPTYCH3I39DVQ87KC53A9C62JJED2', 1066, 598386, 133743, 3, '16:25:00', 55),
(50, '24D1BC41ADB9A3F70B6AEFCABDCD98A0', 292, 598359, 133734, 4, '11:45:00', 55),
(51, '9425F635D072D472E040D70A590548FB', 1066, 598386, 133743, 2, '15:30:00', 55),
(52, '24D1BC41ADB9A3F70B6AEFCABDCD98A0', 292, 598359, 133734, 4, '12:40:00', 55),
(53, '9425F635D072D472E040D70A590548FB', 1066, 598386, 133743, 3, '17:20:00', 55),
(54, '24D1BC41ADB9A3F70B6AEFCABDCD98A0', 292, 598359, 133734, 4, '13:35:00', 55),
(55, '9425F635D072D472E040D70A590548FB', 1066, 598386, 133743, 3, '18:45:00', 55),
(56, '9487DEAEAD2419D1E040D70A59052593', 509, 598387, 133739, 1, '12:40:00', 55),
(57, '944BA5361364E45FE040D70A59055935', 509, 598387, 133740, 2, '09:25:00', 55),
(58, '944BA534C2B7E45FE040D70A59055935', 509, 598387, 133736, 2, '11:45:00', 55),
(59, '944BA5350F0AE45FE040D70A59055935', 509, 598387, 133740, 3, '12:40:00', 55),
(60, '944BA534C2B7E45FE040D70A59055935', 509, 598387, 133738, 4, '10:20:00', 55),
(61, '9425F635F852D472E040D70A590548FB', 509, 598388, 133736, 5, '08:30:00', 55),
(62, '9487DEAEAD2419D1E040D70A59052593', 717, 598375, 133739, 3, '11:45:00', 55),
(63, '9425F63529CED472E040D70A590548FB', 717, 598376, 133738, 1, '12:40:00', 55),
(64, '9425F635A32BD472E040D70A590548FB', 717, 598376, 133738, 2, '08:30:00', 55),
(65, '9425F635A32BD472E040D70A590548FB', 717, 598376, 133738, 3, '10:20:00', 55),
(66, '9425F63529CED472E040D70A590548FB', 717, 598376, 133738, 3, '11:45:00', 55),
(67, '9425F63529CED472E040D70A590548FB', 717, 598376, 133738, 3, '13:35:00', 55),
(68, '9425F635A32BD472E040D70A590548FB', 717, 598376, 133739, 4, '08:30:00', 55),
(69, '9425F63529CED472E040D70A590548FB', 717, 598376, 133738, 5, '08:30:00', 55),
(70, '9425F63529CED472E040D70A590548FB', 717, 598376, 133738, 5, '09:25:00', 55),
(71, '9425F635A32BD472E040D70A590548FB', 717, 598376, 133738, 5, '11:45:00', 55),
(72, '9425F635A32BD472E040D70A590548FB', 717, 598376, 133738, 5, '12:40:00', 55),
(73, '9425F635648DD472E040D70A590548FB', 7843, 598364, 133736, 3, '16:25:00', 55),
(74, '9425F635648DD472E040D70A590548FB', 7843, 598362, 133736, 3, '16:25:00', 55),
(75, '51C43841B645BE028A8C669603209E03', 7843, 598362, 133740, 3, '20:35:00', 55),
(76, 'ZKFDBBEJ1MLPVJIN6W9CULJHGZRYP6GR', 7843, 598362, 133740, 3, '20:35:00', 55),
(77, 'BA167CF41EC2F6A7E040D70A590563A4', 7843, 598362, 133736, 4, '16:25:00', 55),
(78, '9487DEAEFC5019D1E040D70A59052593', 7843, 598362, 133740, 5, '16:25:00', 55),
(79, '9425F6359ADDD472E040D70A590548FB', 7843, 598362, 133740, 5, '17:20:00', 55),
(80, '944BA5378498E45FE040D70A59055935', 292, 598361, 133745, 4, '14:30:00', 55),
(81, '9425F635F86DD472E040D70A590548FB', 244, 598380, 133750, 4, '14:30:00', 55),
(82, '944BA5378498E45FE040D70A59055935', 292, 598361, 133745, 4, '17:20:00', 55),
(83, '944BA5381316E45FE040D70A59055935', 1072, 598381, 133721, 1, '19:40:00', 55),
(84, '944BA5381316E45FE040D70A59055935', 1072, 598381, 133721, 3, '18:45:00', 55),
(85, '2E5310CFE21F0B12E050D70A59056A4C', 1072, 598381, 133721, 4, '17:20:00', 55),
(86, '2E5310CFE21F0B12E050D70A59056A4C', 1072, 598381, 133721, 5, '15:30:00', 55),
(87, '2E5310CFE21F0B12E050D70A59056A4C', 1072, 598383, 133709, 3, '15:30:00', 55),
(88, '2E5310CFE21F0B12E050D70A59056A4C', 1072, 598383, 133709, 4, '15:30:00', 55),
(89, 'HEIG3NIZ3VJYDDSR4XSOWKCCYV125XAA', 1072, 598382, 133751, 4, '19:40:00', 55),
(90, '944BA534FC1FE45FE040D70A59055935', 1072, 598382, 133751, 1, '17:20:00', 55),
(91, '2E5310CFDA5D0B12E050D70A59056A4C', 408, 598355, 133733, 4, '16:25:00', 55),
(92, '51C43841B645BE028A8C669603209E03', 408, 598355, 133733, 4, '16:25:00', 55),
(93, '944BA5381316E45FE040D70A59055935', 408, 598355, 133733, 5, '17:20:00', 55),
(94, '9425F634BFAAD472E040D70A590548FB', 412, 598328, 133739, 1, '16:25:00', 55),
(95, '9425F6355326D472E040D70A590548FB', 412, 598328, 133739, 1, '18:45:00', 55),
(96, '9425F6355326D472E040D70A590548FB', 412, 598328, 133739, 1, '19:40:00', 55),
(97, '9425F6355326D472E040D70A590548FB', 412, 598328, 133739, 1, '20:35:00', 55),
(98, '9425F6355326D472E040D70A590548FB', 412, 598328, 133739, 2, '16:25:00', 55),
(99, '9425F634BFAAD472E040D70A590548FB', 412, 598328, 133739, 2, '17:20:00', 55),
(100, '944BA5362FC9E45FE040D70A59055935', 412, 598328, 133739, 3, '20:35:00', 55),
(101, '5VCAGUZNSQBZZBK4VRU2UWYI7F7KBMCI', 412, 598328, 133739, 4, '15:30:00', 55),
(102, '5VCAGUZNSQBZZBK4VRU2UWYI7F7KBMCI', 412, 598328, 133739, 4, '16:25:00', 55),
(103, '9425F6355326D472E040D70A590548FB', 412, 598328, 133738, 4, '18:45:00', 55),
(104, '9425F634BFAAD472E040D70A590548FB', 412, 598328, 133739, 4, '20:35:00', 55),
(105, '944BA535388BE45FE040D70A59055935', 412, 598328, 133736, 5, '17:20:00', 55),
(106, '5VCAGUZNSQBZZBK4VRU2UWYI7F7KBMCI', 412, 598328, 133736, 5, '17:20:00', 55),
(107, '9487DEAE67D019D1E040D70A59052593', 214, 598366, 133735, 4, '11:45:00', 55),
(108, '51C43841B645BE028A8C669603209E03', 341, 598350, 133742, 1, '15:30:00', 55),
(109, '9425F635A31BD472E040D70A590548FB', 341, 598350, 133742, 3, '16:25:00', 55),
(110, '944BA534E04FE45FE040D70A59055935', 214, 598366, 133716, 5, '13:35:00', 55),
(111, '2E5310CFDF700B12E050D70A59056A4C', 341, 598350, 133742, 5, '17:20:00', 55),
(112, '2E5310CFDF700B12E050D70A59056A4C', 341, 598350, 133742, 3, '18:45:00', 55),
(113, 'QDIX1K97XMEOJAIEQFC2MJO712U3SE98', 292, 598358, 133734, 1, '09:25:00', 55),
(114, 'QDIX1K97XMEOJAIEQFC2MJO712U3SE98', 292, 598358, 133734, 1, '10:20:00', 55),
(115, '9425F635A31BD472E040D70A590548FB', 341, 598351, 133718, 2, '18:45:00', 55),
(116, '9425F635A31BD472E040D70A590548FB', 341, 598351, 133718, 5, '17:20:00', 55),
(117, '9425F635A31BD472E040D70A590548FB', 341, 598351, 133718, 5, '18:45:00', 55),
(118, '9425F633F56AD472E040D70A590548FB', 341, 598351, 133718, 5, '19:40:00', 55),
(119, 'BA167CF42051F6A7E040D70A590563A4', 370, 598325, 133714, 3, '16:25:00', 55),
(120, 'BA167CF42051F6A7E040D70A590563A4', 370, 598325, 133714, 3, '17:20:00', 55),
(121, '9425F6369ED1D472E040D70A590548FB', 370, 598325, 133714, 4, '18:45:00', 55),
(122, 'BA167CF42051F6A7E040D70A590563A4', 370, 598325, 133714, 5, '20:35:00', 55),
(123, '2E5310CFDF700B12E050D70A59056A4C', 341, 598351, 133718, 1, '17:20:00', 55),
(124, '2E5310CFDF700B12E050D70A59056A4C', 341, 598351, 133718, 2, '20:35:00', 55),
(125, '2E5310CFDF700B12E050D70A59056A4C', 341, 598351, 133718, 4, '19:40:00', 55),
(126, 'KK227M5LQXVIDLMM28DLNN3MO76EO83P', 7837, 598368, 133743, 1, '12:40:00', 55),
(127, '9425F6361C3DD472E040D70A590548FB', 412, 598329, 133738, 2, '18:45:00', 55),
(128, '9425F6361C3DD472E040D70A590548FB', 412, 598329, 133738, 2, '19:40:00', 55),
(129, '9425F634D34AD472E040D70A590548FB', 7837, 598368, 133743, 5, '10:20:00', 55),
(130, 'KK227M5LQXVIDLMM28DLNN3MO76EO83P', 7837, 598368, 133743, 2, '09:25:00', 55),
(131, 'KK227M5LQXVIDLMM28DLNN3MO76EO83P', 7837, 598368, 133743, 5, '09:25:00', 55),
(132, '9425F634D34AD472E040D70A590548FB', 7837, 598369, 133747, 2, '08:30:00', 55),
(133, '9425F634D34AD472E040D70A590548FB', 7837, 598369, 133747, 2, '09:25:00', 55),
(134, '9425F634D34AD472E040D70A590548FB', 7837, 598369, 133747, 2, '10:20:00', 55),
(135, '9425F634D34AD472E040D70A590548FB', 7837, 598369, 133747, 3, '08:30:00', 55),
(136, 'KK227M5LQXVIDLMM28DLNN3MO76EO83P', 7837, 598369, 133747, 1, '11:45:00', 55),
(137, 'KK227M5LQXVIDLMM28DLNN3MO76EO83P', 7837, 598369, 133747, 5, '10:20:00', 55),
(138, 'KK227M5LQXVIDLMM28DLNN3MO76EO83P', 7837, 598369, 133747, 5, '11:45:00', 55),
(139, '5WAWKTGIXXFOUEYVWIXBE4S59WEIILIZ', 7837, 598369, 133747, 1, '12:40:00', 55),
(140, '5WAWKTGIXXFOUEYVWIXBE4S59WEIILIZ', 7837, 598369, 133747, 2, '11:45:00', 55),
(141, '9425F63562C0D472E040D70A590548FB', 7837, 598369, 133747, 2, '11:45:00', 55),
(142, '5WAWKTGIXXFOUEYVWIXBE4S59WEIILIZ', 7837, 598369, 133747, 2, '13:35:00', 55),
(143, '9425F634D362D472E040D70A590548FB', 7837, 598369, 133747, 3, '13:35:00', 55),
(144, '9425F635DA7BD472E040D70A590548FB', 7837, 598370, 133751, 2, '12:40:00', 55),
(145, '9425F635DA7BD472E040D70A590548FB', 7837, 598370, 133751, 3, '09:25:00', 55),
(146, '9425F635DA7BD472E040D70A590548FB', 7837, 598370, 133751, 4, '13:35:00', 55),
(147, '9425F634D364D472E040D70A590548FB', 7837, 598368, 133743, 3, '11:45:00', 55),
(148, '2D2F728AEE9AE0F8130C44789A09B3FE', 244, 598379, 133749, 2, '15:30:00', 55),
(149, '2D2F728AEE9AE0F8130C44789A09B3FE', 244, 598379, 133749, 3, '19:40:00', 55),
(150, '9425F635F86DD472E040D70A590548FB', 244, 598380, 133750, 3, '19:40:00', 55),
(151, '2D2F728AEE9AE0F8130C44789A09B3FE', 244, 598380, 133750, 4, '15:30:00', 55),
(152, '9425F635F86DD472E040D70A590548FB', 244, 598380, 133750, 4, '20:35:00', 55),
(153, '2D2F728AEE9AE0F8130C44789A09B3FE', 244, 598380, 133750, 5, '19:40:00', 55),
(154, '2D2F728AEE9AE0F8130C44789A09B3FE', 244, 598380, 133750, 5, '20:35:00', 55),
(155, '9425F6362650D472E040D70A590548FB', 1072, 598383, 133709, 1, '15:30:00', 55),
(156, '944BA534FC1FE45FE040D70A59055935', 1072, 598383, 133709, 4, '17:20:00', 55),
(157, '2E5310CFDA5D0B12E050D70A59056A4C', 408, 598355, 133733, 4, '17:20:00', 55),
(158, '2E5310CFDA5D0B12E050D70A59056A4C', 408, 598355, 133733, 3, '20:35:00', 55),
(159, '944BA535388BE45FE040D70A59055935', 408, 598355, 133716, 4, '15:30:00', 55),
(160, '9425F6361C3DD472E040D70A590548FB', 408, 598355, 133733, 5, '19:40:00', 55),
(161, '9425F6361C3DD472E040D70A590548FB', 408, 598355, 133733, 5, '20:35:00', 55),
(162, '9425F634BFAAD472E040D70A590548FB', 412, 598328, 133739, 2, '18:45:00', 55),
(163, '5VCAGUZNSQBZZBK4VRU2UWYI7F7KBMCI', 412, 598328, 133736, 5, '15:30:00', 55),
(164, '944BA535388BE45FE040D70A59055935', 412, 598328, 133736, 5, '15:30:00', 55),
(165, 'BA167CF41EC2F6A7E040D70A590563A4', 412, 598328, 133739, 5, '20:35:00', 55),
(166, '9425F635F854D472E040D70A590548FB', 412, 598329, 133740, 2, '16:25:00', 55),
(167, '9425F6361C3DD472E040D70A590548FB', 408, 598355, 133733, 3, '15:30:00', 55),
(168, '9425F6365B05D472E040D70A590548FB', 408, 598355, 133733, 3, '17:20:00', 55),
(169, '944BA535388BE45FE040D70A59055935', 408, 598355, 133716, 4, '17:20:00', 55),
(170, '9425F6355326D472E040D70A590548FB', 408, 598355, 133733, 4, '20:35:00', 55),
(171, 'BA167CF41EC2F6A7E040D70A590563A4', 408, 598355, 133733, 5, '15:30:00', 55),
(172, 'BA167CF41EC2F6A7E040D70A590563A4', 408, 598355, 133733, 5, '16:25:00', 55),
(173, '944BA5381316E45FE040D70A59055935', 408, 598355, 133733, 5, '18:45:00', 55),
(174, '9425F634BFAAD472E040D70A590548FB', 412, 598328, 133739, 1, '17:20:00', 55),
(175, '9425F6355326D472E040D70A590548FB', 412, 598328, 133739, 2, '15:30:00', 55),
(176, '944BA5362FC9E45FE040D70A59055935', 412, 598328, 133739, 3, '19:40:00', 55),
(177, '9425F6355326D472E040D70A590548FB', 412, 598328, 133738, 4, '17:20:00', 55),
(178, '9425F634BFAAD472E040D70A590548FB', 412, 598328, 133739, 4, '19:40:00', 55),
(179, '9425F635F854D472E040D70A590548FB', 412, 598329, 133740, 1, '17:20:00', 55),
(180, '9425F634BFAAD472E040D70A590548FB', 412, 598329, 133738, 1, '18:45:00', 55),
(181, '2E5310CFDA5D0B12E050D70A59056A4C', 408, 598355, 133733, 2, '15:30:00', 55),
(182, '2E5310CFDA5D0B12E050D70A59056A4C', 408, 598355, 133733, 2, '16:25:00', 55),
(183, '9425F6355326D472E040D70A590548FB', 408, 598355, 133733, 2, '19:40:00', 55),
(184, '9425F63564CED472E040D70A590548FB', 290, 598353, 133750, 2, '08:30:00', 55),
(185, '9425F63564CED472E040D70A590548FB', 290, 598353, 133750, 2, '09:25:00', 55),
(186, '9425F63564CED472E040D70A590548FB', 290, 598353, 133750, 5, '11:45:00', 55),
(187, 'ATEBPTYCH3I39DVQ87KC53A9C62JJED2', 7051, 598371, 133713, 4, '17:20:00', 55),
(188, '6BUU32KCGVQJ994WPJJ08HB7HG9EZXPD', 7051, 598371, 133713, 4, '17:20:00', 55),
(189, 'ATEBPTYCH3I39DVQ87KC53A9C62JJED2', 7051, 598371, 133713, 3, '17:20:00', 55),
(190, '6BUU32KCGVQJ994WPJJ08HB7HG9EZXPD', 7051, 598371, 133713, 3, '17:20:00', 55),
(191, 'ATEBPTYCH3I39DVQ87KC53A9C62JJED2', 7051, 598372, 133723, 5, '18:45:00', 55),
(192, '9425F635A68AD472E040D70A590548FB', 7051, 598371, 133713, 3, '19:40:00', 55),
(193, 'BA167CF41EC2F6A7E040D70A590563A4', 7051, 598371, 133713, 4, '18:45:00', 55),
(194, 'BA167CF41EC2F6A7E040D70A590563A4', 7051, 598373, 133720, 2, '17:20:00', 55),
(195, '9425F635A68AD472E040D70A590548FB', 7051, 598373, 133720, 3, '17:20:00', 55),
(196, '9425F635A68AD472E040D70A590548FB', 7051, 598373, 133720, 5, '19:40:00', 55),
(197, '944BA5376E51E45FE040D70A59055935', 7051, 598373, 133720, 1, '15:30:00', 55),
(198, '9487DEAED79119D1E040D70A59052593', 7051, 598373, 133720, 3, '20:35:00', 55),
(199, 'B91203086F048E84E040D70A5905310A', 7051, 598373, 133720, 1, '18:45:00', 55),
(200, 'ATEBPTYCH3I39DVQ87KC53A9C62JJED2', 7051, 598372, 133723, 2, '18:45:00', 55),
(201, '944BA535A3B4E45FE040D70A59055935', 7051, 598372, 133723, 2, '20:35:00', 55),
(202, '9425F634BFAAD472E040D70A590548FB', 412, 598328, 133739, 3, '15:30:00', 55),
(203, '5VCAGUZNSQBZZBK4VRU2UWYI7F7KBMCI', 408, 598355, 133737, 2, '19:40:00', 55),
(204, '9425F6355326D472E040D70A590548FB', 408, 598355, 133733, 2, '20:35:00', 55),
(205, '9425F634BFAAD472E040D70A590548FB', 412, 598328, 133739, 2, '20:35:00', 55),
(206, 'KK227M5LQXVIDLMM28DLNN3MO76EO83P', 7837, 598368, 133743, 5, '08:30:00', 55),
(207, '9425F634D362D472E040D70A590548FB', 7837, 598368, 133743, 3, '09:25:00', 55),
(208, '9425F634D362D472E040D70A590548FB', 7837, 598368, 133743, 4, '08:30:00', 55),
(209, '9425F633E33ED472E040D70A590548FB', 7051, 598372, 133723, 4, '17:20:00', 55),
(210, '9425F635F856D472E040D70A590548FB', 292, 598359, 133745, 1, '08:30:00', 55),
(211, '9487DEAED79119D1E040D70A59052593', 1066, 598385, 133708, 1, '17:20:00', 55),
(212, '944BA5362FC9E45FE040D70A59055935', 1066, 598385, 133708, 1, '18:45:00', 55),
(213, '9425F635D072D472E040D70A590548FB', 1066, 598385, 133708, 3, '19:40:00', 55),
(214, '9425F635D072D472E040D70A590548FB', 1066, 598385, 133708, 3, '20:35:00', 55),
(215, '9425F635D072D472E040D70A590548FB', 1066, 598385, 133708, 5, '19:40:00', 55),
(216, '9425F635D072D472E040D70A590548FB', 1066, 598385, 133708, 5, '20:35:00', 55),
(217, '944BA5362FC9E45FE040D70A59055935', 1066, 598385, 133708, 4, '17:20:00', 55),
(218, '944BA534E04FE45FE040D70A59055935', 292, 598359, 133737, 2, '12:40:00', 55),
(219, '9425F635D072D472E040D70A590548FB', 1066, 598386, 133743, 1, '16:25:00', 55),
(220, 'B91203086F048E84E040D70A5905310A', 7051, 598372, 133723, 2, '16:25:00', 55),
(221, '9425F635DA7BD472E040D70A590548FB', 7837, 598370, 133751, 5, '12:40:00', 55),
(222, '9425F635D0EFD472E040D70A590548FB', 7837, 598370, 133751, 4, '09:25:00', 55),
(223, '9425F635DA7BD472E040D70A590548FB', 7837, 598370, 133751, 4, '09:25:00', 55),
(224, '9425F635DA7BD472E040D70A590548FB', 7837, 598370, 133751, 5, '10:20:00', 55),
(225, '9425F633E33ED472E040D70A590548FB', 7051, 598372, 133723, 3, '15:30:00', 55),
(226, '9425F633E33ED472E040D70A590548FB', 7051, 598372, 133723, 3, '16:25:00', 55),
(227, 'B91203086F048E84E040D70A5905310A', 7051, 598374, 133753, 3, '15:30:00', 55),
(228, 'B91203086F048E84E040D70A5905310A', 7051, 598374, 133753, 3, '16:25:00', 55),
(229, 'B91203086F048E84E040D70A5905310A', 7051, 598374, 133753, 3, '17:20:00', 55),
(230, '9425F635F856D472E040D70A590548FB', 292, 598358, 133734, 2, '09:25:00', 55),
(231, '9425F636851AD472E040D70A590548FB', 292, 598358, 133734, 2, '09:25:00', 55),
(232, '9425F635F856D472E040D70A590548FB', 292, 598358, 133734, 2, '10:20:00', 55),
(233, '9425F636851AD472E040D70A590548FB', 292, 598358, 133734, 2, '10:20:00', 55),
(234, '9487DEAED79119D1E040D70A59052593', 1160, 598326, 133747, 1, '16:25:00', 55),
(235, '9487DEAED79119D1E040D70A59052593', 1160, 598326, 133747, 2, '18:45:00', 55),
(236, '9487DEAED79119D1E040D70A59052593', 1160, 598326, 133747, 5, '17:20:00', 55),
(237, '24D1BC41ADB9A3F70B6AEFCABDCD98A0', 292, 598358, 133734, 3, '11:45:00', 55),
(238, 'QDIX1K97XMEOJAIEQFC2MJO712U3SE98', 292, 598358, 133734, 3, '11:45:00', 55),
(239, '944BA535A3B4E45FE040D70A59055935', 1160, 598326, 133747, 2, '17:20:00', 55),
(240, '944BA535A3B4E45FE040D70A59055935', 1160, 598326, 133747, 5, '15:30:00', 55),
(241, 'W9NKGRQK8W8T1DRLIL379AF2T0CVZSY6', 292, 598358, 133731, 5, '10:20:00', 55),
(242, '0X00J3SL1IRQZQNFNZZ3BF2C3NLR89P0', 1160, 598326, 133747, 4, '15:30:00', 55),
(243, '0X00J3SL1IRQZQNFNZZ3BF2C3NLR89P0', 1160, 598326, 133747, 4, '17:20:00', 55),
(244, '9425F635D0E1D472E040D70A590548FB', 292, 598358, 133731, 5, '12:40:00', 55),
(245, '9425F634D364D472E040D70A590548FB', 7837, 598368, 133716, 3, '10:20:00', 55),
(246, '9425F634D34AD472E040D70A590548FB', 7837, 598368, 133743, 2, '12:40:00', 55),
(247, '9425F635C8A7D472E040D70A590548FB', 244, 598379, 133749, 2, '20:35:00', 55),
(248, '9425F635F86DD472E040D70A590548FB', 244, 598380, 133750, 2, '20:35:00', 55),
(249, '9425F635F86DD472E040D70A590548FB', 244, 598380, 133750, 3, '18:45:00', 55),
(250, '5VCAGUZNSQBZZBK4VRU2UWYI7F7KBMCI', 408, 598355, 133737, 2, '20:35:00', 55),
(251, '9425F63529CED472E040D70A590548FB', 408, 598354, 133733, 5, '13:35:00', 55),
(252, '9425F6365BDFD472E040D70A590548FB', 408, 598354, 133733, 5, '11:45:00', 55),
(253, '9425F63529CED472E040D70A590548FB', 408, 598354, 133733, 4, '12:40:00', 55),
(254, '5VCAGUZNSQBZZBK4VRU2UWYI7F7KBMCI', 408, 598354, 133737, 3, '12:40:00', 55),
(255, '5VCAGUZNSQBZZBK4VRU2UWYI7F7KBMCI', 408, 598354, 133737, 3, '13:35:00', 55),
(256, '9425F63529CED472E040D70A590548FB', 408, 598354, 133733, 4, '11:45:00', 55),
(257, '9425F63529CED472E040D70A590548FB', 408, 598354, 133733, 4, '13:35:00', 55),
(258, '9425F63529CED472E040D70A590548FB', 408, 598354, 133733, 5, '12:40:00', 55),
(259, '9425F6361C3DD472E040D70A590548FB', 408, 598355, 133733, 1, '15:30:00', 55),
(260, '9425F6365B05D472E040D70A590548FB', 408, 598355, 133733, 1, '17:20:00', 55),
(261, '2E5310CFDA5D0B12E050D70A59056A4C', 408, 598355, 133733, 1, '18:45:00', 55),
(262, '9425F635F852D472E040D70A590548FB', 509, 598387, 133736, 3, '10:20:00', 55),
(263, '9487DEAEAD2419D1E040D70A59052593', 509, 598387, 133738, 4, '11:45:00', 55),
(264, '944BA5361364E45FE040D70A59055935', 509, 598387, 133740, 5, '13:35:00', 55),
(265, '9425F635D168D472E040D70A590548FB', 509, 598388, 133736, 1, '09:25:00', 55),
(266, '9425F634C651D472E040D70A590548FB', 509, 598388, 133736, 1, '11:45:00', 55),
(267, '9425F635D168D472E040D70A590548FB', 509, 598388, 133740, 3, '11:45:00', 55),
(268, '9425F634C651D472E040D70A590548FB', 509, 598388, 133736, 4, '13:35:00', 55),
(269, '9425F635D0F0D472E040D70A590548FB', 7837, 598368, 133743, 1, '08:30:00', 55),
(270, '9425F635D0F0D472E040D70A590548FB', 7837, 598368, 133743, 4, '11:45:00', 55),
(271, '9425F634D34AD472E040D70A590548FB', 7837, 598368, 133743, 3, '12:40:00', 55),
(272, '9425F634D34AD472E040D70A590548FB', 7837, 598368, 133743, 5, '11:45:00', 55),
(273, '9425F6355326D472E040D70A590548FB', 7843, 598363, 133737, 5, '15:30:00', 55),
(274, 'KK227M5LQXVIDLMM28DLNN3MO76EO83P', 7837, 598368, 133743, 2, '08:30:00', 55),
(275, 'KK227M5LQXVIDLMM28DLNN3MO76EO83P', 7837, 598368, 133743, 4, '09:25:00', 55),
(276, '9425F63562C0D472E040D70A590548FB', 7837, 598368, 133743, 4, '09:25:00', 55),
(277, 'KK227M5LQXVIDLMM28DLNN3MO76EO83P', 7837, 598368, 133743, 4, '10:20:00', 55),
(278, '9425F63562C0D472E040D70A590548FB', 7837, 598368, 133743, 4, '10:20:00', 55),
(279, '9425F634D362D472E040D70A590548FB', 7837, 598368, 133743, 5, '13:35:00', 55),
(280, '5WAWKTGIXXFOUEYVWIXBE4S59WEIILIZ', 7837, 598369, 133747, 5, '12:40:00', 55),
(281, '5WAWKTGIXXFOUEYVWIXBE4S59WEIILIZ', 7837, 598369, 133747, 5, '13:35:00', 55),
(282, '9425F634D362D472E040D70A590548FB', 7837, 598369, 133747, 5, '08:30:00', 55),
(283, '9425F63529CED472E040D70A590548FB', 408, 598354, 133733, 2, '09:25:00', 55),
(284, '5VCAGUZNSQBZZBK4VRU2UWYI7F7KBMCI', 408, 598354, 133753, 1, '11:45:00', 55),
(285, '9425F6365BDFD472E040D70A590548FB', 408, 598354, 133733, 1, '13:35:00', 55),
(286, '9425F63529CED472E040D70A590548FB', 408, 598354, 133733, 2, '08:30:00', 55),
(287, '9425F63529CED472E040D70A590548FB', 408, 598354, 133733, 2, '10:20:00', 55),
(288, '944BA5361364E45FE040D70A59055935', 408, 598354, 133733, 3, '10:20:00', 55),
(289, '5VCAGUZNSQBZZBK4VRU2UWYI7F7KBMCI', 408, 598354, 133737, 3, '11:45:00', 55),
(290, '9425F6365BDFD472E040D70A590548FB', 408, 598354, 133733, 3, '12:40:00', 55),
(291, '9425F63562C0D472E040D70A590548FB', 408, 598354, 133733, 3, '12:40:00', 55),
(292, '9425F63564CCD472E040D70A590548FB', 408, 598354, 133733, 1, '09:25:00', 55),
(293, '9425F6365BDFD472E040D70A590548FB', 408, 598354, 133733, 1, '11:45:00', 55),
(294, '9425F63562C0D472E040D70A590548FB', 408, 598354, 133733, 1, '11:45:00', 55),
(295, '9425F6365BDFD472E040D70A590548FB', 408, 598354, 133733, 2, '11:45:00', 55),
(296, '9425F6365BDFD472E040D70A590548FB', 408, 598354, 133733, 3, '13:35:00', 55),
(297, '944BA538102DE45FE040D70A59055935', 408, 598354, 133733, 4, '09:25:00', 55),
(298, '944BA5361364E45FE040D70A59055935', 408, 598354, 133733, 4, '10:20:00', 55),
(299, '944BA5361364E45FE040D70A59055935', 408, 598354, 133733, 5, '08:30:00', 55),
(300, '2E5310CFDA5D0B12E050D70A59056A4C', 408, 598355, 133733, 1, '19:40:00', 55),
(301, '51C43841B645BE028A8C669603209E03', 408, 598355, 133733, 1, '19:40:00', 55),
(302, '944BA535388BE45FE040D70A59055935', 408, 598355, 133716, 1, '19:40:00', 55),
(303, '2E5310CFDA5D0B12E050D70A59056A4C', 408, 598355, 133733, 1, '20:35:00', 55),
(304, '9425F634BFAAD472E040D70A590548FB', 412, 598328, 133739, 3, '16:25:00', 55),
(305, '9425F6355326D472E040D70A590548FB', 412, 598328, 133739, 3, '17:20:00', 55),
(306, '9425F6355326D472E040D70A590548FB', 412, 598328, 133739, 3, '18:45:00', 55),
(307, '944BA535388BE45FE040D70A59055935', 412, 598328, 133736, 5, '16:25:00', 55),
(308, '5VCAGUZNSQBZZBK4VRU2UWYI7F7KBMCI', 412, 598328, 133736, 5, '16:25:00', 55),
(309, '9425F6355326D472E040D70A590548FB', 412, 598328, 133739, 5, '18:45:00', 55),
(310, '9425F635F854D472E040D70A590548FB', 412, 598329, 133740, 1, '15:30:00', 55),
(311, '9425F635F854D472E040D70A590548FB', 412, 598329, 133740, 1, '16:25:00', 55),
(312, '9425F634BFAAD472E040D70A590548FB', 412, 598329, 133738, 1, '19:40:00', 55),
(313, '9425F634D362D472E040D70A590548FB', 7837, 598369, 133747, 4, '11:45:00', 55),
(314, '5WAWKTGIXXFOUEYVWIXBE4S59WEIILIZ', 7837, 598369, 133747, 4, '08:30:00', 55),
(315, '9487DEAEF90D19D1E040D70A59052593', 290, 598327, 133750, 4, '10:20:00', 55),
(316, '9487DEAEF93519D1E040D70A59052593', 290, 598327, 133750, 4, '10:20:00', 55),
(317, '9487DEAEF93519D1E040D70A59052593', 290, 598327, 133750, 4, '10:20:00', 55),
(318, '944BA535DADBE45FE040D70A59055935', 290, 598327, 133750, 4, '10:20:00', 55),
(319, '9487DEAEFC5019D1E040D70A59052593', 7843, 598363, 133737, 2, '15:30:00', 55),
(320, '9487DEAEFC5019D1E040D70A59052593', 7843, 598363, 133737, 3, '19:40:00', 55),
(321, '944BA535388BE45FE040D70A59055935', 795, 598356, 133712, 1, '16:25:00', 55),
(322, 'BA167CF41EC2F6A7E040D70A590563A4', 795, 598356, 133712, 1, '19:40:00', 55),
(323, 'BA167CF41EC2F6A7E040D70A590563A4', 795, 598356, 133712, 1, '20:35:00', 55),
(324, '944BA535388BE45FE040D70A59055935', 795, 598356, 133712, 3, '16:25:00', 55),
(325, 'ZKKHLOFMNM58NPYNBOOPAY9ABFGAMJ6E', 290, 598327, 133749, 1, '08:30:00', 55),
(326, '944BA535DADBE45FE040D70A59055935', 290, 598327, 133749, 1, '08:30:00', 55),
(327, 'ZKKHLOFMNM58NPYNBOOPAY9ABFGAMJ6E', 290, 598327, 133749, 1, '09:25:00', 55),
(328, '944BA535DADBE45FE040D70A59055935', 290, 598327, 133749, 1, '09:25:00', 55),
(329, '9487DEAEF90D19D1E040D70A59052593', 290, 598327, 133750, 2, '08:30:00', 55),
(330, '9487DEAEF93519D1E040D70A59052593', 290, 598327, 133750, 2, '08:30:00', 55),
(331, '9487DEAEF93519D1E040D70A59052593', 290, 598327, 133750, 2, '08:30:00', 55),
(332, '944BA535DADBE45FE040D70A59055935', 290, 598327, 133750, 2, '08:30:00', 55),
(333, '9487DEAEF90D19D1E040D70A59052593', 290, 598327, 133750, 2, '09:25:00', 55),
(334, '9487DEAEF93519D1E040D70A59052593', 290, 598327, 133750, 2, '09:25:00', 55),
(335, '9487DEAEF93519D1E040D70A59052593', 290, 598327, 133750, 2, '09:25:00', 55),
(336, '944BA535DADBE45FE040D70A59055935', 290, 598327, 133750, 2, '09:25:00', 55),
(337, '9487DEAEF90D19D1E040D70A59052593', 290, 598327, 133750, 4, '09:25:00', 55),
(338, '9487DEAEF93519D1E040D70A59052593', 290, 598327, 133750, 4, '09:25:00', 55),
(339, '9487DEAEF93519D1E040D70A59052593', 290, 598327, 133750, 4, '09:25:00', 55),
(340, '944BA535DADBE45FE040D70A59055935', 290, 598327, 133750, 4, '09:25:00', 55),
(341, '9425F6365BDFD472E040D70A590548FB', 408, 598354, 133733, 3, '11:45:00', 55),
(342, '9425F635F86DD472E040D70A590548FB', 244, 598380, 133750, 1, '19:40:00', 55),
(343, '9425F635F86DD472E040D70A590548FB', 244, 598380, 133750, 1, '20:35:00', 55),
(344, '9425F635F852D472E040D70A590548FB', 509, 598388, 133736, 5, '09:25:00', 55),
(345, '9425F635F852D472E040D70A590548FB', 509, 598388, 133736, 5, '11:45:00', 55),
(346, '9487DEAEAD2419D1E040D70A59052593', 717, 598375, 133738, 2, '13:35:00', 55),
(347, '944BA53583FAE45FE040D70A59055935', 717, 598376, 133738, 1, '08:30:00', 55),
(348, '944BA53583FAE45FE040D70A59055935', 717, 598376, 133739, 4, '10:20:00', 55),
(349, '9425F63529CED472E040D70A590548FB', 717, 598376, 133738, 5, '10:20:00', 55),
(350, '9425F6359ADDD472E040D70A590548FB', 7843, 598362, 133736, 4, '17:20:00', 55),
(351, '2E5310CFDEA00B12E050D70A59056A4C', 7843, 598362, 133740, 4, '20:35:00', 55),
(352, '9425F6359ADDD472E040D70A590548FB', 7843, 598362, 133736, 4, '20:35:00', 55),
(353, '9487DEAEFC5019D1E040D70A59052593', 7843, 598362, 133740, 5, '15:30:00', 55),
(354, '9425F635C8A7D472E040D70A590548FB', 244, 598379, 133749, 5, '18:45:00', 55),
(355, '9425F635C8A7D472E040D70A590548FB', 244, 598379, 133749, 5, '19:40:00', 55),
(356, '2D2F728AEE9AE0F8130C44789A09B3FE', 244, 598380, 133750, 1, '15:30:00', 55),
(357, '944BA534FC1FE45FE040D70A59055935', 1072, 598381, 133721, 4, '14:30:00', 60),
(358, '9425F6352391D472E040D70A590548FB', 292, 598361, 133722, 1, '20:35:00', 55),
(359, '9487DEAED79119D1E040D70A59052593', 1072, 598381, 133721, 4, '15:30:00', 55),
(360, '9487DEAED79119D1E040D70A59052593', 1072, 598381, 133721, 4, '16:25:00', 55),
(361, '2E5310CFE21F0B12E050D70A59056A4C', 1072, 598381, 133721, 1, '20:35:00', 55),
(362, '2E5310CFE21F0B12E050D70A59056A4C', 1072, 598381, 133721, 3, '16:25:00', 55),
(363, '2E5310CFE21F0B12E050D70A59056A4C', 1072, 598381, 133721, 3, '17:20:00', 55),
(364, '9V1P8WSCO3HK8QFD1NIHDIXLFW1FT453', 292, 598361, 133745, 2, '18:45:00', 55),
(365, '9V1P8WSCO3HK8QFD1NIHDIXLFW1FT453', 292, 598361, 133745, 2, '19:40:00', 55),
(366, '9V1P8WSCO3HK8QFD1NIHDIXLFW1FT453', 292, 598361, 133745, 2, '20:35:00', 55),
(367, '944BA5378498E45FE040D70A59055935', 292, 598361, 133745, 3, '15:30:00', 55),
(368, '944BA534080BE45FE040D70A59055935', 292, 598361, 133722, 3, '18:45:00', 55),
(369, '944BA534FC1FE45FE040D70A59055935', 1072, 598382, 133751, 3, '17:20:00', 55),
(370, '944BA534FC1FE45FE040D70A59055935', 1072, 598382, 133751, 5, '18:45:00', 55),
(371, '944BA53600BAE45FE040D70A59055935', 1072, 598382, 133751, 3, '20:35:00', 55),
(372, '944BA53600BAE45FE040D70A59055935', 1072, 598382, 133751, 4, '15:30:00', 55),
(373, '944BA53600BAE45FE040D70A59055935', 1072, 598382, 133751, 4, '14:30:00', 60),
(374, '944BA535721EE45FE040D70A59055935', 1072, 598384, 133707, 4, '14:30:00', 60),
(375, '944BA535721EE45FE040D70A59055935', 1072, 598384, 133707, 1, '17:20:00', 55),
(376, '944BA535721EE45FE040D70A59055935', 1072, 598384, 133707, 2, '17:20:00', 55),
(377, '9425F6362650D472E040D70A590548FB', 1072, 598384, 133707, 3, '15:30:00', 55),
(378, '9425F6362650D472E040D70A590548FB', 1072, 598384, 133707, 4, '15:30:00', 55),
(379, '944BA53600BAE45FE040D70A59055935', 1072, 598384, 133707, 5, '17:20:00', 55),
(380, '944BA53600BAE45FE040D70A59055935', 1072, 598384, 133707, 5, '16:25:00', 55),
(381, '944BA5381316E45FE040D70A59055935', 1072, 598384, 133707, 4, '17:20:00', 55),
(382, '9487DEAF0AC119D1E040D70A59052593', 1066, 598385, 133708, 1, '19:40:00', 55),
(383, '9487DEAF0AC119D1E040D70A59052593', 1066, 598385, 133708, 1, '20:35:00', 55),
(384, '944BA535721EE45FE040D70A59055935', 1066, 598385, 133708, 4, '15:30:00', 55),
(385, '9425F633E33ED472E040D70A590548FB', 1066, 598385, 133708, 2, '17:20:00', 55),
(386, '9425F635F856D472E040D70A590548FB', 292, 598359, 133745, 1, '11:45:00', 55),
(387, '944BA5376E51E45FE040D70A59055935', 1066, 598385, 133708, 4, '16:25:00', 55),
(388, '944BA535721EE45FE040D70A59055935', 1066, 598385, 133708, 5, '17:20:00', 55),
(389, '9425F636851AD472E040D70A590548FB', 292, 598359, 133734, 1, '13:35:00', 55),
(390, '944BA534FC1FE45FE040D70A59055935', 1066, 598385, 133708, 2, '20:35:00', 55),
(391, '944BA538102DE45FE040D70A59055935', 292, 598359, 133753, 2, '09:25:00', 55),
(392, '944BA534E04FE45FE040D70A59055935', 292, 598359, 133737, 2, '10:20:00', 55),
(393, '9425F635D072D472E040D70A590548FB', 1066, 598386, 133743, 2, '17:20:00', 55),
(394, '9425F635D072D472E040D70A590548FB', 1066, 598386, 133743, 2, '18:45:00', 55),
(395, 'ATEBPTYCH3I39DVQ87KC53A9C62JJED2', 1066, 598386, 133743, 4, '16:25:00', 55),
(396, '9425F635F856D472E040D70A590548FB', 292, 598359, 133745, 3, '11:45:00', 55),
(397, 'ATEBPTYCH3I39DVQ87KC53A9C62JJED2', 1066, 598386, 133743, 2, '20:35:00', 55),
(398, '9487DEAF0AC119D1E040D70A59052593', 1066, 598386, 133743, 5, '17:20:00', 55),
(399, '9425F636851AD472E040D70A590548FB', 292, 598359, 133732, 4, '08:30:00', 55),
(400, '9V1P8WSCO3HK8QFD1NIHDIXLFW1FT453', 292, 598361, 133745, 1, '15:30:00', 55),
(401, '9V1P8WSCO3HK8QFD1NIHDIXLFW1FT453', 292, 598361, 133745, 1, '16:25:00', 55),
(402, '24D1BC41ADB9A3F70B6AEFCABDCD98A0', 292, 598359, 133745, 5, '12:40:00', 55),
(403, '944BA534080BE45FE040D70A59055935', 292, 598361, 133722, 1, '18:45:00', 55),
(404, '944BA535721EE45FE040D70A59055935', 1072, 598384, 133707, 2, '15:30:00', 55),
(405, 'ATEBPTYCH3I39DVQ87KC53A9C62JJED2', 7051, 598371, 133713, 5, '19:40:00', 55),
(406, '6BUU32KCGVQJ994WPJJ08HB7HG9EZXPD', 7051, 598371, 133713, 5, '19:40:00', 55),
(407, 'ATEBPTYCH3I39DVQ87KC53A9C62JJED2', 7051, 598371, 133713, 5, '20:35:00', 55),
(408, '6BUU32KCGVQJ994WPJJ08HB7HG9EZXPD', 7051, 598371, 133713, 5, '20:35:00', 55),
(409, 'BA167CF41EC2F6A7E040D70A590563A4', 7051, 598371, 133713, 4, '19:40:00', 55),
(410, '944BA5376E51E45FE040D70A59055935', 7051, 598373, 133720, 1, '16:25:00', 55),
(411, '944BA5376E51E45FE040D70A59055935', 7051, 598373, 133720, 4, '20:35:00', 55),
(412, '9487DEAED79119D1E040D70A59052593', 7051, 598373, 133720, 5, '15:30:00', 55),
(413, '2E5310CFDEA00B12E050D70A59056A4C', 7843, 598362, 133736, 5, '20:35:00', 55),
(414, '5WAWKTGIXXFOUEYVWIXBE4S59WEIILIZ', 7837, 598370, 133751, 2, '08:30:00', 55),
(415, '5WAWKTGIXXFOUEYVWIXBE4S59WEIILIZ', 7837, 598370, 133751, 2, '09:25:00', 55),
(416, '9425F635D0F0D472E040D70A590548FB', 7837, 598370, 133751, 3, '12:40:00', 55),
(417, '9425F635DA7BD472E040D70A590548FB', 7837, 598370, 133751, 2, '13:35:00', 55),
(418, '9425F635C8A7D472E040D70A590548FB', 244, 598379, 133749, 2, '19:40:00', 55),
(419, '51C43841B645BE028A8C669603209E03', 244, 598379, 133749, 5, '17:20:00', 55),
(420, '9425F635C8A7D472E040D70A590548FB', 244, 598379, 133749, 5, '20:35:00', 55),
(421, '9425F635F86DD472E040D70A590548FB', 244, 598380, 133750, 1, '18:45:00', 55),
(422, '9425F635F86DD472E040D70A590548FB', 244, 598380, 133750, 2, '19:40:00', 55),
(423, '2D2F728AEE9AE0F8130C44789A09B3FE', 244, 598380, 133750, 4, '16:25:00', 55),
(424, '9425F635F86DD472E040D70A590548FB', 244, 598380, 133750, 4, '18:45:00', 55),
(425, '2D2F728AEE9AE0F8130C44789A09B3FE', 244, 598380, 133750, 5, '18:45:00', 55),
(426, '24D1BC41ADB9A3F70B6AEFCABDCD98A0', 1084, 598330, 133745, 1, '12:40:00', 55),
(427, 'QDIX1K97XMEOJAIEQFC2MJO712U3SE98', 1084, 598330, 133745, 2, '09:25:00', 55),
(428, '24D1BC41ADB9A3F70B6AEFCABDCD98A0', 1084, 598330, 133745, 2, '11:45:00', 55),
(429, '24D1BC41ADB9A3F70B6AEFCABDCD98A0', 1084, 598330, 133745, 3, '08:30:00', 55),
(430, '24D1BC41ADB9A3F70B6AEFCABDCD98A0', 1084, 598330, 133745, 3, '10:20:00', 55),
(431, 'QDIX1K97XMEOJAIEQFC2MJO712U3SE98', 1084, 598330, 133745, 5, '10:20:00', 55),
(432, '9487DEAE67D019D1E040D70A59052593', 214, 598367, 133731, 1, '08:30:00', 55),
(433, '944BA533E726E45FE040D70A59055935', 214, 598367, 133731, 1, '09:25:00', 55),
(434, '9425F635D0E1D472E040D70A590548FB', 214, 598367, 133753, 1, '10:20:00', 55),
(435, '9487DEAE67D019D1E040D70A59052593', 214, 598367, 133735, 1, '11:45:00', 55),
(436, 'NPI8TGET24U394L9QAVTCOVZZN3FRTMZ', 370, 598352, 133735, 3, '15:30:00', 55),
(437, '944BA534CDA5E45FE040D70A59055935', 370, 598352, 133735, 3, '15:30:00', 55),
(438, '944BA533E726E45FE040D70A59055935', 214, 598367, 133735, 2, '12:40:00', 55),
(439, '9425F635D0E1D472E040D70A590548FB', 214, 598367, 133716, 3, '11:45:00', 55),
(440, '944BA533E726E45FE040D70A59055935', 214, 598367, 133735, 4, '09:25:00', 55),
(441, '9425F636083ED472E040D70A590548FB', 214, 598366, 133735, 1, '09:25:00', 55),
(442, 'NPI8TGET24U394L9QAVTCOVZZN3FRTMZ', 370, 598352, 133745, 5, '16:25:00', 55),
(443, '944BA5373603E45FE040D70A59055935', 370, 598352, 133745, 5, '16:25:00', 55),
(444, '944BA534CDA5E45FE040D70A59055935', 370, 598325, 133734, 1, '19:40:00', 55),
(445, '944BA534CDA5E45FE040D70A59055935', 370, 598325, 133734, 1, '20:35:00', 55),
(446, '9425F636083ED472E040D70A590548FB', 370, 598325, 133734, 2, '15:30:00', 55),
(447, '9425F636083ED472E040D70A590548FB', 370, 598325, 133734, 2, '17:20:00', 55),
(448, '9425F636083ED472E040D70A590548FB', 370, 598325, 133734, 2, '18:45:00', 55),
(449, '944BA5373603E45FE040D70A59055935', 292, 598360, 133734, 1, '15:30:00', 55),
(450, '944BA5362FC9E45FE040D70A59055935', 292, 598360, 133722, 2, '18:45:00', 55),
(451, '9425F6352391D472E040D70A590548FB', 292, 598360, 133722, 2, '19:40:00', 55),
(452, '944BA534374CE45FE040D70A59055935', 292, 598360, 133722, 2, '20:35:00', 55),
(453, '0AA3F78F460453D6648843D664FB9F32', 292, 598360, 133722, 2, '20:35:00', 55),
(454, '9V1P8WSCO3HK8QFD1NIHDIXLFW1FT453', 292, 598360, 133734, 3, '15:30:00', 55),
(455, 'W9NKGRQK8W8T1DRLIL379AF2T0CVZSY6', 214, 598366, 133716, 2, '11:45:00', 55),
(456, '07BUVPV2UAVRKKMTJLUQH8J1LJPXF0ZC', 298, 598378, 133700, 2, '16:25:00', 55),
(457, '9425F6352391D472E040D70A590548FB', 298, 598378, 133700, 2, '20:35:00', 55),
(458, '07BUVPV2UAVRKKMTJLUQH8J1LJPXF0ZC', 298, 598378, 133700, 3, '16:25:00', 55),
(459, '07BUVPV2UAVRKKMTJLUQH8J1LJPXF0ZC', 298, 598378, 133700, 3, '20:35:00', 55),
(460, '944BA534CDA5E45FE040D70A59055935', 370, 598352, 133735, 1, '16:25:00', 55),
(461, 'NPI8TGET24U394L9QAVTCOVZZN3FRTMZ', 370, 598352, 133735, 1, '16:25:00', 55),
(462, '944BA534CDA5E45FE040D70A59055935', 370, 598352, 133735, 2, '16:25:00', 55),
(463, 'NPI8TGET24U394L9QAVTCOVZZN3FRTMZ', 370, 598352, 133735, 2, '16:25:00', 55),
(464, '944BA534CDA5E45FE040D70A59055935', 370, 598352, 133735, 2, '17:20:00', 55),
(465, 'NPI8TGET24U394L9QAVTCOVZZN3FRTMZ', 370, 598352, 133735, 2, '17:20:00', 55),
(466, '944BA534CDA5E45FE040D70A59055935', 370, 598352, 133735, 2, '18:45:00', 55),
(467, 'NPI8TGET24U394L9QAVTCOVZZN3FRTMZ', 370, 598352, 133735, 2, '18:45:00', 55),
(468, '9425F635648DD472E040D70A590548FB', 717, 598375, 133740, 4, '13:35:00', 55),
(469, '944BA53583FAE45FE040D70A59055935', 717, 598375, 133739, 5, '09:25:00', 55),
(470, '9425F635F852D472E040D70A590548FB', 717, 598375, 133739, 5, '13:35:00', 55),
(471, '944BA53583FAE45FE040D70A59055935', 717, 598376, 133738, 1, '09:25:00', 55),
(472, '944BA53583FAE45FE040D70A59055935', 717, 598376, 133738, 1, '10:20:00', 55),
(473, '9425F63529CED472E040D70A590548FB', 717, 598376, 133738, 1, '11:45:00', 55),
(474, '9487DEAEFC5019D1E040D70A59052593', 7843, 598362, 133736, 1, '20:35:00', 55),
(475, '2E5310CFDEA00B12E050D70A59056A4C', 7843, 598362, 133736, 2, '19:40:00', 55),
(476, '2E5310CFDEA00B12E050D70A59056A4C', 7843, 598362, 133740, 4, '17:20:00', 55),
(477, '2E5310CFDEA00B12E050D70A59056A4C', 7843, 598362, 133740, 4, '18:45:00', 55),
(478, '9425F6359ADDD472E040D70A590548FB', 7843, 598362, 133736, 4, '18:45:00', 55),
(479, '944BA5375E29E45FE040D70A59055935', 7843, 598363, 133737, 1, '17:20:00', 55),
(480, '9487DEAEFC5019D1E040D70A59052593', 7843, 598363, 133737, 5, '17:20:00', 55),
(481, 'ZBIS884E704X1QZ801LFE5F47J4RHZ3R', 7843, 598363, 133740, 5, '20:35:00', 55),
(482, '944BA535388BE45FE040D70A59055935', 795, 598356, 133712, 3, '15:30:00', 55),
(483, '944BA535388BE45FE040D70A59055935', 795, 598356, 133712, 5, '20:35:00', 55),
(484, 'F5W6JAHFN5BDVTRET3JC9283D2FZ6U6E', 795, 598357, 133724, 1, '17:20:00', 55),
(485, 'F5W6JAHFN5BDVTRET3JC9283D2FZ6U6E', 795, 598357, 133724, 5, '16:25:00', 55),
(486, '9425F635C8A7D472E040D70A590548FB', 244, 598379, 133749, 1, '17:20:00', 55),
(487, '944BA5362FC9E45FE040D70A59055935', 244, 598379, 133749, 3, '16:25:00', 55),
(488, '51C43841B645BE028A8C669603209E03', 244, 598379, 133749, 4, '17:20:00', 55),
(489, '2D2F728AEE9AE0F8130C44789A09B3FE', 244, 598379, 133749, 4, '18:45:00', 55),
(490, '2D2F728AEE9AE0F8130C44789A09B3FE', 244, 598380, 133750, 1, '16:25:00', 55),
(491, '9425F635F86DD472E040D70A590548FB', 244, 598380, 133750, 2, '16:25:00', 55),
(492, '9487DEAEF90D19D1E040D70A59052593', 290, 598353, 133750, 1, '11:45:00', 55),
(493, '9487DEAEF93519D1E040D70A59052593', 290, 598353, 133750, 1, '11:45:00', 55),
(494, '9487DEAEF93519D1E040D70A59052593', 290, 598353, 133750, 1, '11:45:00', 55),
(495, 'ZKKHLOFMNM58NPYNBOOPAY9ABFGAMJ6E', 290, 598353, 133749, 2, '13:35:00', 55),
(496, '9425F63564CED472E040D70A590548FB', 290, 598353, 133750, 4, '08:30:00', 55),
(497, '9425F63564CED472E040D70A590548FB', 290, 598353, 133750, 4, '09:25:00', 55),
(498, '9487DEAEF90D19D1E040D70A59052593', 290, 598353, 133750, 5, '08:30:00', 55),
(499, '9487DEAEF93519D1E040D70A59052593', 290, 598353, 133750, 5, '08:30:00', 55),
(500, '9487DEAEF93519D1E040D70A59052593', 290, 598353, 133750, 5, '08:30:00', 55),
(501, 'ZKKHLOFMNM58NPYNBOOPAY9ABFGAMJ6E', 290, 598353, 133750, 5, '13:35:00', 55),
(502, '9425F636083ED472E040D70A590548FB', 298, 598377, 133731, 4, '18:45:00', 55),
(503, '9425F6362650D472E040D70A590548FB', 7051, 598371, 133713, 2, '15:30:00', 55),
(504, '9425F6362650D472E040D70A590548FB', 7051, 598371, 133713, 5, '17:20:00', 55),
(505, 'IYRWUJR6LO3Z4MQU72Q5338ZBM5EA4MX', 7051, 598371, 133713, 5, '16:25:00', 55),
(506, '6BUU32KCGVQJ994WPJJ08HB7HG9EZXPD', 7051, 598371, 133713, 5, '16:25:00', 55),
(507, '9425F635A68AD472E040D70A590548FB', 7051, 598371, 133713, 2, '20:35:00', 55),
(508, '9425F635A68AD472E040D70A590548FB', 7051, 598371, 133713, 4, '15:30:00', 55),
(509, '9425F635A68AD472E040D70A590548FB', 7051, 598371, 133713, 4, '16:25:00', 55),
(510, '944BA5376E51E45FE040D70A59055935', 7051, 598373, 133720, 4, '15:30:00', 55),
(511, '6BUU32KCGVQJ994WPJJ08HB7HG9EZXPD', 7051, 598373, 133720, 4, '15:30:00', 55),
(512, '944BA5376E51E45FE040D70A59055935', 7051, 598373, 133720, 2, '18:45:00', 55),
(513, '9425F635A68AD472E040D70A590548FB', 7051, 598373, 133720, 3, '16:25:00', 55),
(514, '9487DEAED79119D1E040D70A59052593', 7051, 598373, 133720, 3, '19:40:00', 55),
(515, '9425F635A68AD472E040D70A590548FB', 7051, 598373, 133720, 2, '15:30:00', 55),
(516, 'ATEBPTYCH3I39DVQ87KC53A9C62JJED2', 7051, 598372, 133723, 1, '15:30:00', 55),
(517, '944BA535A3B4E45FE040D70A59055935', 7051, 598372, 133723, 1, '19:40:00', 55),
(518, '944BA535A3B4E45FE040D70A59055935', 7051, 598372, 133723, 3, '17:20:00', 55),
(519, '944BA535A3B4E45FE040D70A59055935', 7051, 598372, 133723, 3, '18:45:00', 55),
(520, '0X00J3SL1IRQZQNFNZZ3BF2C3NLR89P0', 7051, 598372, 133723, 5, '15:30:00', 55),
(521, '0X00J3SL1IRQZQNFNZZ3BF2C3NLR89P0', 7051, 598372, 133723, 3, '19:40:00', 55),
(522, '9425F635D0E1D472E040D70A590548FB', 292, 598358, 133716, 1, '12:40:00', 55),
(523, '944BA534E04FE45FE040D70A59055935', 292, 598358, 133716, 1, '13:35:00', 55),
(524, '0X00J3SL1IRQZQNFNZZ3BF2C3NLR89P0', 7051, 598374, 133753, 1, '15:30:00', 55),
(525, '9425F636851AD472E040D70A590548FB', 292, 598358, 133734, 3, '09:25:00', 55),
(526, '9425F635F856D472E040D70A590548FB', 292, 598358, 133734, 3, '09:25:00', 55),
(527, '0X00J3SL1IRQZQNFNZZ3BF2C3NLR89P0', 1160, 598326, 133747, 1, '17:20:00', 55),
(528, 'HEIG3NIZ3VJYDDSR4XSOWKCCYV125XAA', 1160, 598326, 133747, 5, '20:35:00', 55),
(529, '944BA535A3B4E45FE040D70A59055935', 1160, 598326, 133747, 4, '14:30:00', 60),
(530, 'IYRWUJR6LO3Z4MQU72Q5338ZBM5EA4MX', 1160, 598326, 133747, 3, '16:25:00', 55),
(531, '944BA534E04FE45FE040D70A59055935', 292, 598358, 133731, 4, '11:45:00', 55),
(532, 'IYRWUJR6LO3Z4MQU72Q5338ZBM5EA4MX', 1160, 598326, 133747, 4, '18:45:00', 55),
(533, '944BA535A3B4E45FE040D70A59055935', 1160, 598326, 133747, 3, '19:40:00', 55),
(534, '944BA535A3B4E45FE040D70A59055935', 1160, 598326, 133747, 3, '20:35:00', 55),
(535, '944BA535A3B4E45FE040D70A59055935', 1160, 598326, 133747, 5, '16:25:00', 55),
(536, '0X00J3SL1IRQZQNFNZZ3BF2C3NLR89P0', 1160, 598326, 133747, 4, '16:25:00', 55),
(537, '9425F635D0E1D472E040D70A590548FB', 292, 598358, 133731, 5, '13:35:00', 55),
(538, '9425F635F856D472E040D70A590548FB', 292, 598359, 133745, 1, '09:25:00', 55),
(539, '944BA534FC1FE45FE040D70A59055935', 1066, 598385, 133708, 1, '16:25:00', 55),
(540, '944BA534FC1FE45FE040D70A59055935', 1072, 598381, 133721, 4, '19:40:00', 55),
(541, '944BA534FC1FE45FE040D70A59055935', 1072, 598381, 133721, 4, '20:35:00', 55),
(542, '944BA5381316E45FE040D70A59055935', 1072, 598381, 133721, 1, '18:45:00', 55),
(543, '2E5310CFE21F0B12E050D70A59056A4C', 1072, 598381, 133721, 4, '18:45:00', 55),
(544, '944BA534FC1FE45FE040D70A59055935', 1072, 598383, 133709, 4, '18:45:00', 55),
(545, '944BA5376E51E45FE040D70A59055935', 1072, 598383, 133709, 5, '18:45:00', 55),
(546, 'HEIG3NIZ3VJYDDSR4XSOWKCCYV125XAA', 1072, 598382, 133751, 1, '15:30:00', 55),
(547, 'HEIG3NIZ3VJYDDSR4XSOWKCCYV125XAA', 1072, 598382, 133751, 2, '15:30:00', 55),
(548, 'HEIG3NIZ3VJYDDSR4XSOWKCCYV125XAA', 1072, 598382, 133751, 2, '16:25:00', 55),
(549, 'HEIG3NIZ3VJYDDSR4XSOWKCCYV125XAA', 1072, 598382, 133751, 1, '16:25:00', 55),
(550, 'HEIG3NIZ3VJYDDSR4XSOWKCCYV125XAA', 1072, 598382, 133751, 3, '15:30:00', 55),
(551, 'HEIG3NIZ3VJYDDSR4XSOWKCCYV125XAA', 1072, 598382, 133751, 5, '17:20:00', 55),
(552, 'HEIG3NIZ3VJYDDSR4XSOWKCCYV125XAA', 1072, 598382, 133751, 5, '16:25:00', 55),
(553, '944BA534FC1FE45FE040D70A59055935', 1072, 598382, 133751, 1, '18:45:00', 55),
(554, '944BA535721EE45FE040D70A59055935', 1072, 598384, 133707, 1, '15:30:00', 55),
(555, '944BA535721EE45FE040D70A59055935', 1072, 598384, 133707, 1, '16:25:00', 55),
(556, '944BA53600BAE45FE040D70A59055935', 1072, 598384, 133707, 3, '16:25:00', 55),
(557, '944BA53600BAE45FE040D70A59055935', 1072, 598384, 133707, 3, '17:20:00', 55),
(558, '944BA5362FC9E45FE040D70A59055935', 795, 598357, 133724, 1, '16:25:00', 55),
(559, 'ZKKHLOFMNM58NPYNBOOPAY9ABFGAMJ6E', 290, 598327, 133749, 1, '10:20:00', 55),
(560, '944BA535DADBE45FE040D70A59055935', 290, 598327, 133749, 1, '10:20:00', 55),
(561, 'W9NKGRQK8W8T1DRLIL379AF2T0CVZSY6', 290, 598327, 133749, 1, '11:45:00', 55),
(562, '9425F63562C0D472E040D70A590548FB', 290, 598327, 133749, 1, '12:40:00', 55),
(563, '9425F63562C0D472E040D70A590548FB', 290, 598327, 133749, 1, '13:35:00', 55),
(564, 'W9NKGRQK8W8T1DRLIL379AF2T0CVZSY6', 290, 598327, 133749, 3, '08:30:00', 55),
(565, 'W9NKGRQK8W8T1DRLIL379AF2T0CVZSY6', 290, 598327, 133749, 3, '09:25:00', 55),
(566, '9425F63562C0D472E040D70A590548FB', 290, 598327, 133749, 3, '11:45:00', 55),
(567, 'ZKKHLOFMNM58NPYNBOOPAY9ABFGAMJ6E', 290, 598327, 133749, 3, '11:45:00', 55),
(568, '9425F63562C0D472E040D70A590548FB', 290, 598327, 133749, 4, '08:30:00', 55),
(569, 'ZKKHLOFMNM58NPYNBOOPAY9ABFGAMJ6E', 290, 598327, 133749, 5, '09:25:00', 55),
(570, '944BA535DADBE45FE040D70A59055935', 290, 598327, 133749, 5, '09:25:00', 55),
(571, 'ZKKHLOFMNM58NPYNBOOPAY9ABFGAMJ6E', 290, 598327, 133749, 5, '11:45:00', 55),
(572, '944BA535DADBE45FE040D70A59055935', 290, 598327, 133749, 5, '11:45:00', 55),
(573, '944BA535721EE45FE040D70A59055935', 1072, 598384, 133707, 5, '15:30:00', 55),
(574, '9425F633F56AD472E040D70A590548FB', 341, 598351, 133718, 2, '15:30:00', 55),
(575, '9425F633F56AD472E040D70A590548FB', 341, 598351, 133718, 3, '18:45:00', 55),
(576, '2E5310CFDF700B12E050D70A59056A4C', 341, 598351, 133718, 1, '15:30:00', 55),
(577, 'QDIX1K97XMEOJAIEQFC2MJO712U3SE98', 1084, 598330, 133745, 2, '08:30:00', 55),
(578, '9425F635D0E1D472E040D70A590548FB', 214, 598367, 133716, 4, '11:45:00', 55),
(579, 'NPI8TGET24U394L9QAVTCOVZZN3FRTMZ', 370, 598352, 133735, 4, '20:35:00', 55),
(580, '9425F635D0E1D472E040D70A590548FB', 214, 598367, 133716, 4, '13:35:00', 55),
(581, '9425F636083ED472E040D70A590548FB', 214, 598366, 133735, 1, '08:30:00', 55),
(582, '944BA534CDA5E45FE040D70A59055935', 370, 598325, 133734, 1, '18:45:00', 55),
(583, '5VCAGUZNSQBZZBK4VRU2UWYI7F7KBMCI', 408, 598354, 133737, 4, '13:35:00', 55),
(584, '9425F634D34AD472E040D70A590548FB', 7837, 598368, 133743, 3, '13:35:00', 55),
(585, 'KK227M5LQXVIDLMM28DLNN3MO76EO83P', 7837, 598368, 133743, 1, '13:35:00', 55),
(586, '9425F634D362D472E040D70A590548FB', 7837, 598368, 133743, 2, '10:20:00', 55),
(587, '9425F634D362D472E040D70A590548FB', 7837, 598368, 133743, 2, '11:45:00', 55),
(588, '9425F634D362D472E040D70A590548FB', 7837, 598368, 133743, 5, '12:40:00', 55),
(589, '9425F634D34AD472E040D70A590548FB', 7837, 598369, 133747, 1, '09:25:00', 55),
(590, '5WAWKTGIXXFOUEYVWIXBE4S59WEIILIZ', 7837, 598369, 133747, 2, '12:40:00', 55),
(591, '9425F63562C0D472E040D70A590548FB', 7837, 598369, 133747, 2, '12:40:00', 55),
(592, '9425F634D362D472E040D70A590548FB', 7837, 598369, 133747, 5, '09:25:00', 55),
(593, 'W9NKGRQK8W8T1DRLIL379AF2T0CVZSY6', 7837, 598370, 133751, 5, '13:35:00', 55),
(594, '9425F635DA7BD472E040D70A590548FB', 7837, 598370, 133751, 3, '08:30:00', 55),
(595, '9425F635DA7BD472E040D70A590548FB', 7837, 598370, 133751, 4, '10:20:00', 55),
(596, '9425F635D0EFD472E040D70A590548FB', 7837, 598370, 133751, 4, '10:20:00', 55),
(597, '944BA5362FC9E45FE040D70A59055935', 795, 598357, 133724, 5, '20:35:00', 55),
(598, '9425F636083ED472E040D70A590548FB', 298, 598377, 133731, 5, '14:30:00', 55),
(599, '9425F635A68AD472E040D70A590548FB', 7051, 598371, 133713, 1, '16:25:00', 55),
(600, '944BA5350F0AE45FE040D70A59055935', 509, 598387, 133736, 2, '12:40:00', 55),
(601, '944BA5361364E45FE040D70A59055935', 509, 598387, 133736, 3, '08:30:00', 55),
(602, '9425F63564CCD472E040D70A590548FB', 509, 598387, 133738, 4, '08:30:00', 55),
(603, '9425F635648DD472E040D70A590548FB', 509, 598387, 133740, 5, '09:25:00', 55),
(604, '9425F635648DD472E040D70A590548FB', 509, 598387, 133740, 5, '10:20:00', 55),
(605, '944BA5361364E45FE040D70A59055935', 509, 598387, 133740, 5, '11:45:00', 55),
(606, '9425F635D168D472E040D70A590548FB', 509, 598388, 133736, 1, '08:30:00', 55),
(607, '9425F634C651D472E040D70A590548FB', 509, 598388, 133736, 1, '12:40:00', 55),
(608, '9425F635D168D472E040D70A590548FB', 509, 598388, 133740, 2, '11:45:00', 55),
(609, '9425F635F852D472E040D70A590548FB', 509, 598388, 133736, 4, '10:20:00', 55),
(610, '9425F635D168D472E040D70A590548FB', 509, 598388, 133736, 4, '11:45:00', 55),
(611, '9425F635D168D472E040D70A590548FB', 509, 598388, 133736, 4, '12:40:00', 55),
(612, '944BA5375E29E45FE040D70A59055935', 7843, 598363, 133737, 2, '18:45:00', 55),
(613, '944BA5375E29E45FE040D70A59055935', 7843, 598363, 133737, 3, '15:30:00', 55);
INSERT INTO `horaris` (`id_hor`, `id_prof`, `id_cicle`, `id_grup`, `id_aula`, `dia`, `hora`, `durada`) VALUES
(614, '944BA5375E29E45FE040D70A59055935', 7843, 598363, 133737, 3, '17:20:00', 55),
(615, '9487DEAEFC5019D1E040D70A59052593', 7843, 598363, 133737, 3, '20:35:00', 55),
(616, 'ZBIS884E704X1QZ801LFE5F47J4RHZ3R', 7843, 598363, 133737, 4, '15:30:00', 55),
(617, 'ZBIS884E704X1QZ801LFE5F47J4RHZ3R', 7843, 598363, 133737, 4, '17:20:00', 55),
(618, '944BA5375E29E45FE040D70A59055935', 7843, 598363, 133737, 4, '18:45:00', 55),
(619, '9487DEAEFC5019D1E040D70A59052593', 7843, 598363, 133737, 5, '18:45:00', 55),
(620, '944BA535388BE45FE040D70A59055935', 795, 598356, 133712, 5, '19:40:00', 55),
(621, 'F5W6JAHFN5BDVTRET3JC9283D2FZ6U6E', 795, 598357, 133724, 5, '15:30:00', 55),
(622, '9425F635F86DD472E040D70A590548FB', 244, 598380, 133750, 2, '17:20:00', 55),
(623, '9V1P8WSCO3HK8QFD1NIHDIXLFW1FT453', 292, 598361, 133722, 4, '19:40:00', 55),
(624, '9425F63562CAD472E040D70A590548FB', 298, 598377, 133731, 1, '15:30:00', 55),
(625, '9425F63562CAD472E040D70A590548FB', 298, 598377, 133731, 2, '15:30:00', 55),
(626, '944BA534374CE45FE040D70A59055935', 298, 598377, 133731, 2, '16:25:00', 55),
(627, '0AA3F78F460453D6648843D664FB9F32', 298, 598377, 133731, 2, '16:25:00', 55),
(628, '9425F63562CAD472E040D70A590548FB', 298, 598377, 133731, 3, '20:35:00', 55),
(629, '9425F636083ED472E040D70A590548FB', 298, 598377, 133731, 4, '17:20:00', 55),
(630, '944BA534374CE45FE040D70A59055935', 298, 598377, 133731, 5, '16:25:00', 55),
(631, '0AA3F78F460453D6648843D664FB9F32', 298, 598377, 133731, 5, '16:25:00', 55),
(632, '944BA534080BE45FE040D70A59055935', 292, 598361, 133722, 1, '19:40:00', 55),
(633, '944BA534374CE45FE040D70A59055935', 292, 598360, 133722, 4, '14:30:00', 55),
(634, '0AA3F78F460453D6648843D664FB9F32', 292, 598360, 133722, 4, '14:30:00', 55),
(635, '2D2F728AEE9AE0F8130C44789A09B3FE', 244, 598379, 133749, 4, '19:40:00', 55),
(636, '2D2F728AEE9AE0F8130C44789A09B3FE', 244, 598379, 133749, 4, '20:35:00', 55),
(637, '9425F635F86DD472E040D70A590548FB', 244, 598380, 133750, 3, '20:35:00', 55),
(638, '9425F635F86DD472E040D70A590548FB', 244, 598380, 133750, 4, '19:40:00', 55),
(639, '2D2F728AEE9AE0F8130C44789A09B3FE', 244, 598380, 133750, 5, '17:20:00', 55),
(640, '9487DEAEAD2419D1E040D70A59052593', 509, 598388, 133736, 5, '13:35:00', 55),
(641, '944BA538102DE45FE040D70A59055935', 717, 598375, 133739, 1, '09:25:00', 55),
(642, '944BA53583FAE45FE040D70A59055935', 717, 598376, 133739, 2, '12:40:00', 55),
(643, '9425F635A32BD472E040D70A590548FB', 717, 598376, 133739, 4, '09:25:00', 55),
(644, '9425F6359ADDD472E040D70A590548FB', 7843, 598362, 133736, 1, '15:30:00', 55),
(645, '9425F6359ADDD472E040D70A590548FB', 7843, 598362, 133736, 1, '16:25:00', 55),
(646, '2E5310CFDEA00B12E050D70A59056A4C', 7843, 598362, 133736, 1, '17:20:00', 55),
(647, '9487DEAEFC5019D1E040D70A59052593', 7843, 598362, 133736, 1, '19:40:00', 55),
(648, 'ZBIS884E704X1QZ801LFE5F47J4RHZ3R', 7843, 598363, 133740, 1, '19:40:00', 55),
(649, 'ZBIS884E704X1QZ801LFE5F47J4RHZ3R', 7843, 598363, 133740, 1, '20:35:00', 55),
(650, 'BA167CF41EC2F6A7E040D70A590563A4', 7843, 598363, 133737, 3, '18:45:00', 55),
(651, '944BA535388BE45FE040D70A59055935', 795, 598356, 133712, 1, '17:20:00', 55),
(652, '9425F635C8A7D472E040D70A590548FB', 244, 598379, 133749, 1, '16:25:00', 55),
(653, '2D2F728AEE9AE0F8130C44789A09B3FE', 244, 598379, 133749, 3, '20:35:00', 55),
(654, '9425F635C8A7D472E040D70A590548FB', 244, 598379, 133749, 2, '17:20:00', 55),
(655, '944BA5362FC9E45FE040D70A59055935', 244, 598379, 133749, 3, '15:30:00', 55),
(656, '51C43841B645BE028A8C669603209E03', 244, 598379, 133749, 5, '15:30:00', 55),
(657, '51C43841B645BE028A8C669603209E03', 244, 598379, 133749, 5, '16:25:00', 55),
(658, '9425F635F86DD472E040D70A590548FB', 244, 598380, 133750, 1, '17:20:00', 55),
(659, '9425F635F86DD472E040D70A590548FB', 244, 598380, 133750, 2, '15:30:00', 55),
(660, '9425F635C8A7D472E040D70A590548FB', 244, 598380, 133750, 5, '15:30:00', 55),
(661, '9425F635C8A7D472E040D70A590548FB', 244, 598380, 133750, 4, '17:20:00', 55),
(662, '944BA534E04FE45FE040D70A59055935', 292, 598358, 133737, 4, '14:30:00', 55),
(663, '9425F635F856D472E040D70A590548FB', 292, 598359, 133745, 2, '14:30:00', 55),
(664, '9425F634D364D472E040D70A590548FB', 1084, 598330, 133716, 1, '08:30:00', 55),
(665, '24D1BC41ADB9A3F70B6AEFCABDCD98A0', 1084, 598330, 133745, 1, '13:35:00', 55),
(666, 'QDIX1K97XMEOJAIEQFC2MJO712U3SE98', 1084, 598330, 133745, 2, '10:20:00', 55),
(667, 'NPI8TGET24U394L9QAVTCOVZZN3FRTMZ', 370, 598352, 133735, 3, '17:20:00', 55),
(668, '944BA538102DE45FE040D70A59055935', 214, 598367, 133753, 2, '10:20:00', 55),
(669, '944BA533E726E45FE040D70A59055935', 214, 598367, 133735, 2, '13:35:00', 55),
(670, '9487DEAE67D019D1E040D70A59052593', 214, 598367, 133735, 3, '10:20:00', 55),
(671, '9425F635D0E1D472E040D70A590548FB', 214, 598367, 133716, 3, '12:40:00', 55),
(672, '9425F635D0E1D472E040D70A590548FB', 214, 598367, 133716, 3, '13:35:00', 55),
(673, '944BA533E726E45FE040D70A59055935', 214, 598367, 133735, 4, '08:30:00', 55),
(674, 'NPI8TGET24U394L9QAVTCOVZZN3FRTMZ', 370, 598352, 133735, 4, '19:40:00', 55),
(675, '944BA533E726E45FE040D70A59055935', 214, 598367, 133735, 4, '10:20:00', 55),
(676, '9425F635D0E1D472E040D70A590548FB', 214, 598367, 133716, 4, '12:40:00', 55),
(677, '944BA533E726E45FE040D70A59055935', 214, 598367, 133735, 5, '11:45:00', 55),
(678, '944BA533E726E45FE040D70A59055935', 214, 598367, 133735, 5, '12:40:00', 55),
(679, '944BA533E726E45FE040D70A59055935', 214, 598367, 133735, 5, '13:35:00', 55),
(680, '944BA5373603E45FE040D70A59055935', 370, 598352, 133745, 5, '15:30:00', 55),
(681, 'NPI8TGET24U394L9QAVTCOVZZN3FRTMZ', 370, 598352, 133745, 5, '15:30:00', 55),
(682, 'NPI8TGET24U394L9QAVTCOVZZN3FRTMZ', 370, 598352, 133745, 5, '17:20:00', 55),
(683, '944BA5373603E45FE040D70A59055935', 370, 598352, 133745, 5, '17:20:00', 55),
(684, 'NPI8TGET24U394L9QAVTCOVZZN3FRTMZ', 370, 598352, 133745, 5, '18:45:00', 55),
(685, '944BA5373603E45FE040D70A59055935', 370, 598352, 133745, 5, '18:45:00', 55),
(686, '9425F636083ED472E040D70A590548FB', 370, 598325, 133734, 2, '16:25:00', 55),
(687, '944BA5378498E45FE040D70A59055935', 292, 598360, 133745, 1, '20:35:00', 55),
(688, '944BA5373603E45FE040D70A59055935', 292, 598360, 133745, 1, '20:35:00', 55),
(689, '944BA5378498E45FE040D70A59055935', 292, 598360, 133745, 2, '15:30:00', 55),
(690, '944BA5373603E45FE040D70A59055935', 292, 598360, 133745, 2, '15:30:00', 55),
(691, '07BUVPV2UAVRKKMTJLUQH8J1LJPXF0ZC', 298, 598378, 133700, 2, '15:30:00', 55),
(692, '9425F63562CAD472E040D70A590548FB', 298, 598378, 133700, 2, '17:20:00', 55),
(693, '9425F63562CAD472E040D70A590548FB', 298, 598378, 133700, 2, '18:45:00', 55),
(694, '9425F63562CAD472E040D70A590548FB', 298, 598378, 133700, 2, '19:40:00', 55),
(695, '9425F6352391D472E040D70A590548FB', 298, 598378, 133700, 3, '17:20:00', 55),
(696, '9425F63562CAD472E040D70A590548FB', 298, 598378, 133700, 5, '18:45:00', 55),
(697, '9425F6352391D472E040D70A590548FB', 298, 598378, 133700, 5, '19:40:00', 55),
(698, '9425F6352391D472E040D70A590548FB', 298, 598378, 133700, 5, '20:35:00', 55),
(699, 'ZKKHLOFMNM58NPYNBOOPAY9ABFGAMJ6E', 290, 598327, 133749, 2, '10:20:00', 55),
(700, 'ZKKHLOFMNM58NPYNBOOPAY9ABFGAMJ6E', 290, 598327, 133749, 2, '11:45:00', 55),
(701, 'ZKKHLOFMNM58NPYNBOOPAY9ABFGAMJ6E', 290, 598327, 133749, 3, '12:40:00', 55),
(702, '944BA535DADBE45FE040D70A59055935', 290, 598327, 133749, 3, '12:40:00', 55),
(703, 'ZKKHLOFMNM58NPYNBOOPAY9ABFGAMJ6E', 290, 598327, 133749, 3, '13:35:00', 55),
(704, '944BA535DADBE45FE040D70A59055935', 290, 598327, 133749, 3, '13:35:00', 55),
(705, '9487DEAEF90D19D1E040D70A59052593', 290, 598327, 133749, 2, '12:40:00', 55),
(706, '9487DEAEF93519D1E040D70A59052593', 290, 598327, 133749, 2, '12:40:00', 55),
(707, '9487DEAEF93519D1E040D70A59052593', 290, 598327, 133749, 2, '12:40:00', 55),
(708, '944BA535DADBE45FE040D70A59055935', 290, 598327, 133749, 2, '12:40:00', 55),
(709, '9487DEAEF90D19D1E040D70A59052593', 290, 598327, 133749, 2, '13:35:00', 55),
(710, '9487DEAEF93519D1E040D70A59052593', 290, 598327, 133749, 2, '13:35:00', 55),
(711, '9487DEAEF93519D1E040D70A59052593', 290, 598327, 133749, 2, '13:35:00', 55),
(712, '944BA535DADBE45FE040D70A59055935', 290, 598327, 133749, 2, '13:35:00', 55),
(713, '9487DEAEF90D19D1E040D70A59052593', 290, 598327, 133749, 4, '11:45:00', 55),
(714, '9487DEAEF93519D1E040D70A59052593', 290, 598327, 133749, 4, '11:45:00', 55),
(715, '9487DEAEF93519D1E040D70A59052593', 290, 598327, 133749, 4, '11:45:00', 55),
(716, '944BA535DADBE45FE040D70A59055935', 290, 598327, 133749, 4, '11:45:00', 55),
(717, '9487DEAEF90D19D1E040D70A59052593', 290, 598327, 133749, 4, '12:40:00', 55),
(718, '9487DEAEF93519D1E040D70A59052593', 290, 598327, 133749, 4, '12:40:00', 55),
(719, '9487DEAEF93519D1E040D70A59052593', 290, 598327, 133749, 4, '12:40:00', 55),
(720, '944BA535DADBE45FE040D70A59055935', 290, 598327, 133749, 4, '12:40:00', 55),
(721, '9487DEAEF90D19D1E040D70A59052593', 290, 598327, 133749, 4, '13:35:00', 55),
(722, '9487DEAEF93519D1E040D70A59052593', 290, 598327, 133749, 4, '13:35:00', 55),
(723, '9487DEAEF93519D1E040D70A59052593', 290, 598327, 133749, 4, '13:35:00', 55),
(724, '944BA535DADBE45FE040D70A59055935', 290, 598327, 133749, 4, '13:35:00', 55),
(725, '9425F63562C0D472E040D70A590548FB', 290, 598327, 133749, 5, '12:40:00', 55),
(726, '9425F63562C0D472E040D70A590548FB', 290, 598327, 133749, 5, '13:35:00', 55),
(727, '9425F63562C0D472E040D70A590548FB', 290, 598327, 133749, 3, '10:20:00', 55),
(728, 'ZKKHLOFMNM58NPYNBOOPAY9ABFGAMJ6E', 290, 598327, 133749, 3, '10:20:00', 55),
(729, 'ZKKHLOFMNM58NPYNBOOPAY9ABFGAMJ6E', 290, 598327, 133749, 5, '08:30:00', 55),
(730, '944BA535DADBE45FE040D70A59055935', 290, 598327, 133749, 5, '08:30:00', 55),
(731, 'ZKKHLOFMNM58NPYNBOOPAY9ABFGAMJ6E', 290, 598327, 133749, 5, '10:20:00', 55),
(732, '944BA535DADBE45FE040D70A59055935', 290, 598327, 133749, 5, '10:20:00', 55),
(733, '9425F6361C3DD472E040D70A590548FB', 412, 598329, 133738, 4, '20:35:00', 55),
(734, '9425F634BFAAD472E040D70A590548FB', 412, 598329, 133738, 3, '18:45:00', 55),
(735, '9425F634BFAAD472E040D70A590548FB', 412, 598329, 133738, 3, '20:35:00', 55),
(736, '9425F6365BDFD472E040D70A590548FB', 408, 598354, 133733, 2, '12:40:00', 55),
(737, '9425F635A32BD472E040D70A590548FB', 408, 598354, 133733, 3, '08:30:00', 55),
(738, '9425F635A32BD472E040D70A590548FB', 408, 598354, 133733, 3, '09:25:00', 55),
(739, '944BA538102DE45FE040D70A59055935', 408, 598354, 133733, 4, '08:30:00', 55),
(740, '944BA5361364E45FE040D70A59055935', 408, 598354, 133733, 5, '09:25:00', 55),
(741, '9425F6365B05D472E040D70A590548FB', 408, 598355, 133733, 1, '16:25:00', 55),
(742, '9425F6365B05D472E040D70A590548FB', 408, 598355, 133733, 2, '17:20:00', 55),
(743, '5VCAGUZNSQBZZBK4VRU2UWYI7F7KBMCI', 408, 598355, 133740, 2, '18:45:00', 55),
(744, '9425F6361C3DD472E040D70A590548FB', 408, 598355, 133733, 3, '16:25:00', 55),
(745, '2E5310CFDA5D0B12E050D70A59056A4C', 408, 598355, 133733, 3, '18:45:00', 55),
(746, '2E5310CFDA5D0B12E050D70A59056A4C', 408, 598355, 133733, 3, '19:40:00', 55),
(747, '944BA535388BE45FE040D70A59055935', 408, 598355, 133716, 4, '16:25:00', 55),
(748, '9425F6361C3DD472E040D70A590548FB', 408, 598355, 133733, 4, '18:45:00', 55),
(749, '9425F6355326D472E040D70A590548FB', 408, 598355, 133733, 4, '19:40:00', 55),
(750, '9425F634BFAAD472E040D70A590548FB', 412, 598328, 133739, 2, '19:40:00', 55),
(751, 'BA167CF41EC2F6A7E040D70A590563A4', 412, 598328, 133739, 5, '19:40:00', 55),
(752, '9425F634BFAAD472E040D70A590548FB', 412, 598329, 133738, 1, '20:35:00', 55),
(753, '9425F635F854D472E040D70A590548FB', 412, 598329, 133740, 2, '15:30:00', 55),
(754, '9425F6361C3DD472E040D70A590548FB', 412, 598329, 133738, 2, '20:35:00', 55),
(755, '9425F633F56AD472E040D70A590548FB', 370, 598325, 133714, 2, '20:35:00', 55),
(756, '9425F6369ED1D472E040D70A590548FB', 370, 598325, 133714, 4, '17:20:00', 55),
(757, '9425F633F56AD472E040D70A590548FB', 370, 598325, 133714, 5, '18:45:00', 55),
(758, '9425F634D364D472E040D70A590548FB', 1084, 598330, 133716, 4, '08:30:00', 55),
(759, 'QDIX1K97XMEOJAIEQFC2MJO712U3SE98', 1084, 598330, 133734, 5, '12:40:00', 55),
(760, '9425F636851AD472E040D70A590548FB', 1084, 598330, 133734, 5, '12:40:00', 55),
(761, '944BA534CDA5E45FE040D70A59055935', 370, 598352, 133735, 3, '16:25:00', 55),
(762, 'NPI8TGET24U394L9QAVTCOVZZN3FRTMZ', 370, 598352, 133735, 3, '16:25:00', 55),
(763, '944BA534CDA5E45FE040D70A59055935', 370, 598325, 133732, 3, '18:45:00', 55),
(764, '944BA534CDA5E45FE040D70A59055935', 370, 598325, 133732, 3, '19:40:00', 55),
(765, '944BA534CDA5E45FE040D70A59055935', 370, 598325, 133732, 3, '20:35:00', 55),
(766, '9425F636083ED472E040D70A590548FB', 370, 598325, 133714, 4, '15:30:00', 55),
(767, '9425F635D0E1D472E040D70A590548FB', 214, 598366, 133731, 1, '13:35:00', 55),
(768, '9425F635D0E1D472E040D70A590548FB', 214, 598366, 133731, 2, '08:30:00', 55),
(769, 'W9NKGRQK8W8T1DRLIL379AF2T0CVZSY6', 214, 598366, 133716, 2, '10:20:00', 55),
(770, '9425F635D0E1D472E040D70A590548FB', 214, 598366, 133731, 3, '09:25:00', 55),
(771, '9425F636083ED472E040D70A590548FB', 214, 598366, 133731, 3, '10:20:00', 55),
(772, '9425F636083ED472E040D70A590548FB', 214, 598366, 133735, 3, '13:35:00', 55),
(773, '944BA5381316E45FE040D70A59055935', 298, 598378, 133700, 1, '15:30:00', 55),
(774, '9425F636083ED472E040D70A590548FB', 214, 598366, 133735, 3, '12:40:00', 55),
(775, '944BA5381316E45FE040D70A59055935', 298, 598378, 133700, 1, '16:25:00', 55),
(776, '07BUVPV2UAVRKKMTJLUQH8J1LJPXF0ZC', 298, 598378, 133700, 4, '18:45:00', 55),
(777, '944BA5381316E45FE040D70A59055935', 298, 598378, 133700, 4, '15:30:00', 55),
(778, '07BUVPV2UAVRKKMTJLUQH8J1LJPXF0ZC', 298, 598378, 133700, 4, '20:35:00', 55),
(779, 'HEIG3NIZ3VJYDDSR4XSOWKCCYV125XAA', 1160, 598326, 133747, 4, '20:35:00', 55),
(780, 'IYRWUJR6LO3Z4MQU72Q5338ZBM5EA4MX', 1160, 598326, 133747, 3, '15:30:00', 55),
(781, '944BA535A3B4E45FE040D70A59055935', 1160, 598326, 133747, 2, '15:30:00', 55),
(782, '944BA535A3B4E45FE040D70A59055935', 1160, 598326, 133747, 2, '16:25:00', 55),
(783, '9425F636851AD472E040D70A590548FB', 292, 598359, 133732, 4, '09:25:00', 55),
(784, '9487DEAF0AC119D1E040D70A59052593', 1066, 598386, 133743, 4, '18:45:00', 55),
(785, '944BA534E04FE45FE040D70A59055935', 292, 598359, 133737, 5, '08:30:00', 55),
(786, '9487DEAF0AC119D1E040D70A59052593', 1066, 598386, 133743, 4, '17:20:00', 55),
(787, '9487DEAF0AC119D1E040D70A59052593', 1066, 598386, 133743, 4, '19:40:00', 55),
(788, '9425F6362650D472E040D70A590548FB', 1072, 598383, 133709, 1, '16:25:00', 55),
(789, '2E5310CFE21F0B12E050D70A59056A4C', 1072, 598383, 133709, 1, '18:45:00', 55),
(790, '2E5310CFE21F0B12E050D70A59056A4C', 1072, 598383, 133709, 2, '20:35:00', 55),
(791, '944BA534FC1FE45FE040D70A59055935', 1072, 598383, 133709, 2, '18:45:00', 55),
(792, 'HEIG3NIZ3VJYDDSR4XSOWKCCYV125XAA', 1072, 598382, 133751, 3, '16:25:00', 55),
(793, 'HEIG3NIZ3VJYDDSR4XSOWKCCYV125XAA', 1072, 598382, 133751, 4, '17:20:00', 55),
(794, 'HEIG3NIZ3VJYDDSR4XSOWKCCYV125XAA', 1072, 598382, 133751, 5, '15:30:00', 55),
(795, 'HEIG3NIZ3VJYDDSR4XSOWKCCYV125XAA', 1072, 598382, 133751, 2, '18:45:00', 55),
(796, '944BA5378498E45FE040D70A59055935', 292, 598361, 133745, 3, '16:25:00', 55),
(797, '9V1P8WSCO3HK8QFD1NIHDIXLFW1FT453', 292, 598361, 133734, 3, '19:40:00', 55),
(798, '944BA534374CE45FE040D70A59055935', 292, 598360, 133722, 5, '15:30:00', 55),
(799, '0AA3F78F460453D6648843D664FB9F32', 292, 598360, 133722, 5, '15:30:00', 55),
(800, '9425F634D362D472E040D70A590548FB', 7837, 598368, 133743, 3, '08:30:00', 55),
(801, 'KK227M5LQXVIDLMM28DLNN3MO76EO83P', 7837, 598369, 133747, 4, '12:40:00', 55),
(802, 'KK227M5LQXVIDLMM28DLNN3MO76EO83P', 7837, 598369, 133747, 4, '13:35:00', 55),
(803, '9425F634D362D472E040D70A590548FB', 7837, 598369, 133747, 4, '09:25:00', 55),
(804, '9425F634D362D472E040D70A590548FB', 7837, 598369, 133747, 4, '10:20:00', 55),
(805, '5WAWKTGIXXFOUEYVWIXBE4S59WEIILIZ', 7837, 598370, 133751, 1, '09:25:00', 55),
(806, '9425F635D0F0D472E040D70A590548FB', 7837, 598370, 133751, 1, '11:45:00', 55),
(807, '9425F635D0F0D472E040D70A590548FB', 7837, 598370, 133751, 2, '11:45:00', 55),
(808, '9425F635D0F0D472E040D70A590548FB', 7837, 598370, 133751, 3, '11:45:00', 55),
(809, '9425F635D0F0D472E040D70A590548FB', 7837, 598370, 133751, 3, '13:35:00', 55),
(810, '9425F635DA7BD472E040D70A590548FB', 7837, 598370, 133751, 4, '12:40:00', 55),
(811, '9425F635D0F0D472E040D70A590548FB', 7837, 598370, 133751, 2, '14:30:00', 60),
(812, '9425F635F852D472E040D70A590548FB', 509, 598387, 133740, 1, '08:30:00', 55),
(813, '9425F634C651D472E040D70A590548FB', 509, 598388, 133736, 2, '09:25:00', 55),
(814, '9425F634C651D472E040D70A590548FB', 509, 598388, 133736, 2, '10:20:00', 55),
(815, '9425F635F852D472E040D70A590548FB', 509, 598388, 133736, 5, '10:20:00', 55),
(816, '944BA53583FAE45FE040D70A59055935', 717, 598375, 133740, 4, '09:25:00', 55),
(817, '944BA53583FAE45FE040D70A59055935', 717, 598375, 133739, 5, '10:20:00', 55),
(818, '944BA5350F0AE45FE040D70A59055935', 717, 598375, 133739, 5, '12:40:00', 55),
(819, '9425F63529CED472E040D70A590548FB', 717, 598376, 133738, 1, '13:35:00', 55),
(820, '9425F635A32BD472E040D70A590548FB', 717, 598376, 133738, 2, '09:25:00', 55),
(821, '944BA53583FAE45FE040D70A59055935', 717, 598376, 133739, 2, '11:45:00', 55),
(822, '944BA53583FAE45FE040D70A59055935', 717, 598376, 133739, 2, '13:35:00', 55),
(823, '9425F63529CED472E040D70A590548FB', 717, 598376, 133738, 3, '12:40:00', 55),
(824, '944BA53583FAE45FE040D70A59055935', 717, 598376, 133739, 4, '11:45:00', 55),
(825, '9425F635A32BD472E040D70A590548FB', 717, 598376, 133739, 4, '12:40:00', 55),
(826, '9425F635A32BD472E040D70A590548FB', 717, 598376, 133739, 4, '13:35:00', 55),
(827, '9425F635A32BD472E040D70A590548FB', 717, 598376, 133738, 5, '13:35:00', 55),
(828, '9425F635648DD472E040D70A590548FB', 7843, 598364, 133736, 2, '16:25:00', 55),
(829, '9425F635648DD472E040D70A590548FB', 7843, 598362, 133736, 2, '16:25:00', 55),
(830, '9425F635648DD472E040D70A590548FB', 7843, 598364, 133736, 2, '17:20:00', 55),
(831, '9425F635648DD472E040D70A590548FB', 7843, 598362, 133736, 2, '17:20:00', 55),
(832, 'ZKFDBBEJ1MLPVJIN6W9CULJHGZRYP6GR', 7843, 598362, 133736, 2, '20:35:00', 55),
(833, '9425F635648DD472E040D70A590548FB', 7843, 598364, 133736, 3, '15:30:00', 55),
(834, '9425F635648DD472E040D70A590548FB', 7843, 598362, 133736, 3, '15:30:00', 55),
(835, '2E5310CFDEA00B12E050D70A59056A4C', 7843, 598362, 133740, 4, '19:40:00', 55),
(836, '9425F6359ADDD472E040D70A590548FB', 7843, 598362, 133736, 4, '19:40:00', 55),
(837, '9487DEAEFC5019D1E040D70A59052593', 7843, 598363, 133737, 2, '16:25:00', 55),
(838, '944BA5375E29E45FE040D70A59055935', 7843, 598363, 133737, 2, '17:20:00', 55),
(839, 'ZBIS884E704X1QZ801LFE5F47J4RHZ3R', 7843, 598363, 133740, 5, '19:40:00', 55),
(840, '944BA5362FC9E45FE040D70A59055935', 795, 598357, 133724, 1, '15:30:00', 55),
(841, '944BA5362FC9E45FE040D70A59055935', 795, 598357, 133724, 5, '19:40:00', 55),
(842, '2D2F728AEE9AE0F8130C44789A09B3FE', 244, 598379, 133749, 1, '18:45:00', 55),
(843, '944BA5362FC9E45FE040D70A59055935', 244, 598379, 133749, 1, '19:40:00', 55),
(844, '2D2F728AEE9AE0F8130C44789A09B3FE', 244, 598379, 133749, 1, '20:35:00', 55),
(845, '2D2F728AEE9AE0F8130C44789A09B3FE', 244, 598379, 133749, 2, '16:25:00', 55),
(846, '9425F635C8A7D472E040D70A590548FB', 244, 598379, 133749, 2, '18:45:00', 55),
(847, '9425F635C8A7D472E040D70A590548FB', 244, 598379, 133749, 3, '17:20:00', 55),
(848, '9425F635C8A7D472E040D70A590548FB', 244, 598379, 133749, 3, '18:45:00', 55),
(849, '9425F635C8A7D472E040D70A590548FB', 244, 598379, 133749, 4, '15:30:00', 55),
(850, '5VCAGUZNSQBZZBK4VRU2UWYI7F7KBMCI', 408, 598354, 133737, 4, '11:45:00', 55),
(851, '5VCAGUZNSQBZZBK4VRU2UWYI7F7KBMCI', 408, 598354, 133737, 4, '12:40:00', 55),
(852, '944BA5376E51E45FE040D70A59055935', 7051, 598371, 133713, 3, '15:30:00', 55),
(853, '6BUU32KCGVQJ994WPJJ08HB7HG9EZXPD', 7051, 598371, 133713, 3, '15:30:00', 55),
(854, '944BA5376E51E45FE040D70A59055935', 7051, 598371, 133713, 1, '20:35:00', 55),
(855, '6BUU32KCGVQJ994WPJJ08HB7HG9EZXPD', 7051, 598371, 133713, 1, '20:35:00', 55),
(856, '9425F635D0F0D472E040D70A590548FB', 7837, 598368, 133743, 1, '09:25:00', 55),
(857, '9425F635D0F0D472E040D70A590548FB', 7837, 598368, 133743, 4, '12:40:00', 55),
(858, '9425F635D0F0D472E040D70A590548FB', 7837, 598368, 133743, 4, '13:35:00', 55),
(859, '9425F634D364D472E040D70A590548FB', 7837, 598368, 133716, 1, '10:20:00', 55),
(860, 'W9NKGRQK8W8T1DRLIL379AF2T0CVZSY6', 7837, 598369, 133747, 3, '10:20:00', 55),
(861, 'W9NKGRQK8W8T1DRLIL379AF2T0CVZSY6', 7837, 598369, 133747, 3, '11:45:00', 55),
(862, '5WAWKTGIXXFOUEYVWIXBE4S59WEIILIZ', 7837, 598369, 133747, 1, '13:35:00', 55),
(863, '9425F634D362D472E040D70A590548FB', 7837, 598369, 133747, 3, '12:40:00', 55),
(864, '5WAWKTGIXXFOUEYVWIXBE4S59WEIILIZ', 7837, 598370, 133751, 1, '08:30:00', 55),
(865, 'W9NKGRQK8W8T1DRLIL379AF2T0CVZSY6', 7837, 598370, 133751, 1, '13:35:00', 55),
(866, '9425F635DA7BD472E040D70A590548FB', 7837, 598370, 133751, 5, '11:45:00', 55),
(867, '9425F635DA7BD472E040D70A590548FB', 7837, 598370, 133751, 5, '08:30:00', 55),
(868, '9425F635DA7BD472E040D70A590548FB', 7837, 598370, 133751, 5, '09:25:00', 55),
(869, '2X3SOA48N3GRKWBHEXUXZLARLCPHD5JP', 1084, 598330, 133737, 1, '11:45:00', 55),
(870, '2X3SOA48N3GRKWBHEXUXZLARLCPHD5JP', 1084, 598330, 133737, 1, '10:20:00', 55),
(871, '9487DEAE67D019D1E040D70A59052593', 214, 598367, 133735, 1, '12:40:00', 55),
(872, '24D1BC41ADB9A3F70B6AEFCABDCD98A0', 1084, 598330, 133745, 2, '12:40:00', 55),
(873, '2X3SOA48N3GRKWBHEXUXZLARLCPHD5JP', 1084, 598330, 133731, 4, '10:20:00', 55),
(874, '9487DEAE67D019D1E040D70A59052593', 214, 598367, 133735, 1, '13:35:00', 55),
(875, '9487DEAE67D019D1E040D70A59052593', 214, 598367, 133735, 2, '08:30:00', 55),
(876, '944BA534CDA5E45FE040D70A59055935', 370, 598325, 133732, 4, '16:25:00', 55),
(877, '944BA5373603E45FE040D70A59055935', 292, 598360, 133734, 1, '16:25:00', 55),
(878, '944BA5378498E45FE040D70A59055935', 292, 598360, 133745, 1, '18:45:00', 55),
(879, '944BA5373603E45FE040D70A59055935', 292, 598360, 133745, 1, '18:45:00', 55),
(880, '944BA534374CE45FE040D70A59055935', 292, 598360, 133716, 3, '18:45:00', 55),
(881, '0AA3F78F460453D6648843D664FB9F32', 292, 598360, 133716, 3, '18:45:00', 55),
(882, '9V1P8WSCO3HK8QFD1NIHDIXLFW1FT453', 292, 598360, 133734, 4, '15:30:00', 55),
(883, '9V1P8WSCO3HK8QFD1NIHDIXLFW1FT453', 292, 598360, 133734, 4, '16:25:00', 55),
(884, '944BA534374CE45FE040D70A59055935', 292, 598360, 133716, 4, '18:45:00', 55),
(885, '0AA3F78F460453D6648843D664FB9F32', 292, 598360, 133716, 4, '18:45:00', 55),
(886, '944BA5373603E45FE040D70A59055935', 292, 598360, 133745, 4, '20:35:00', 55),
(887, '944BA534E04FE45FE040D70A59055935', 214, 598366, 133731, 1, '11:45:00', 55),
(888, '944BA533E726E45FE040D70A59055935', 214, 598366, 133731, 1, '12:40:00', 55),
(889, '9425F6352391D472E040D70A590548FB', 292, 598360, 133722, 5, '16:25:00', 55),
(890, '944BA5362FC9E45FE040D70A59055935', 292, 598360, 133716, 5, '17:20:00', 55),
(891, '9425F635D0E1D472E040D70A590548FB', 214, 598366, 133731, 2, '09:25:00', 55),
(892, '944BA5362FC9E45FE040D70A59055935', 292, 598360, 133716, 5, '18:45:00', 55),
(893, '944BA534374CE45FE040D70A59055935', 292, 598360, 133722, 5, '19:40:00', 55),
(894, '0AA3F78F460453D6648843D664FB9F32', 292, 598360, 133722, 5, '19:40:00', 55),
(895, '9487DEAE67D019D1E040D70A59052593', 214, 598366, 133731, 2, '12:40:00', 55),
(896, '944BA534374CE45FE040D70A59055935', 292, 598360, 133722, 5, '20:35:00', 55),
(897, '0AA3F78F460453D6648843D664FB9F32', 292, 598360, 133722, 5, '20:35:00', 55),
(898, '9487DEAE67D019D1E040D70A59052593', 214, 598366, 133731, 2, '13:35:00', 55),
(899, '9425F635D0E1D472E040D70A590548FB', 214, 598366, 133731, 3, '08:30:00', 55),
(900, '944BA534CDA5E45FE040D70A59055935', 370, 598352, 133735, 4, '17:20:00', 55),
(901, 'NPI8TGET24U394L9QAVTCOVZZN3FRTMZ', 370, 598352, 133735, 4, '17:20:00', 55),
(902, '9425F63564CCD472E040D70A590548FB', 408, 598354, 133733, 1, '08:30:00', 55),
(903, '9425F63529CED472E040D70A590548FB', 408, 598354, 133733, 1, '10:20:00', 55),
(904, '5VCAGUZNSQBZZBK4VRU2UWYI7F7KBMCI', 408, 598354, 133753, 1, '12:40:00', 55),
(905, '5VCAGUZNSQBZZBK4VRU2UWYI7F7KBMCI', 408, 598354, 133753, 1, '13:35:00', 55),
(906, '9425F635A68AD472E040D70A590548FB', 7051, 598371, 133713, 1, '15:30:00', 55),
(907, '944BA5381316E45FE040D70A59055935', 292, 598361, 133722, 2, '15:30:00', 55),
(908, '9425F6352391D472E040D70A590548FB', 292, 598361, 133722, 2, '16:25:00', 55),
(909, '9487DEAEAD2419D1E040D70A59052593', 509, 598387, 133739, 1, '11:45:00', 55),
(910, '944BA5361364E45FE040D70A59055935', 509, 598387, 133740, 2, '08:30:00', 55),
(911, '9425F635D168D472E040D70A590548FB', 509, 598388, 133736, 1, '10:20:00', 55),
(912, '9425F634C651D472E040D70A590548FB', 509, 598388, 133736, 1, '13:35:00', 55),
(913, '9425F634C651D472E040D70A590548FB', 509, 598388, 133736, 2, '08:30:00', 55),
(914, '9425F635648DD472E040D70A590548FB', 717, 598375, 133739, 1, '10:20:00', 55),
(915, '944BA538102DE45FE040D70A59055935', 717, 598375, 133739, 3, '09:25:00', 55),
(916, '944BA53583FAE45FE040D70A59055935', 717, 598375, 133739, 3, '10:20:00', 55),
(917, '9487DEAEAD2419D1E040D70A59052593', 717, 598375, 133739, 3, '12:40:00', 55),
(918, '9425F635648DD472E040D70A590548FB', 717, 598375, 133740, 4, '11:45:00', 55),
(919, '9425F635A32BD472E040D70A590548FB', 717, 598376, 133738, 2, '10:20:00', 55),
(920, '944BA53583FAE45FE040D70A59055935', 717, 598376, 133738, 3, '09:25:00', 55),
(921, '9425F635648DD472E040D70A590548FB', 7843, 598364, 133736, 2, '15:30:00', 55),
(922, '9425F635648DD472E040D70A590548FB', 7843, 598362, 133736, 2, '15:30:00', 55),
(923, 'BA167CF41EC2F6A7E040D70A590563A4', 7843, 598362, 133736, 3, '17:20:00', 55),
(924, '2E5310CFDEA00B12E050D70A59056A4C', 7843, 598362, 133736, 5, '19:40:00', 55),
(925, 'ZKFDBBEJ1MLPVJIN6W9CULJHGZRYP6GR', 7843, 598362, 133736, 5, '18:45:00', 55),
(926, '51C43841B645BE028A8C669603209E03', 7843, 598362, 133736, 5, '18:45:00', 55),
(927, 'BA167CF41EC2F6A7E040D70A590563A4', 7843, 598363, 133737, 1, '15:30:00', 55),
(928, 'BA167CF41EC2F6A7E040D70A590563A4', 7843, 598363, 133737, 1, '16:25:00', 55),
(929, '9425F6355326D472E040D70A590548FB', 7843, 598363, 133737, 5, '16:25:00', 55),
(930, '9425F635C8A7D472E040D70A590548FB', 244, 598379, 133749, 1, '15:30:00', 55),
(931, '9425F635C8A7D472E040D70A590548FB', 244, 598379, 133749, 4, '16:25:00', 55),
(932, '9425F635F86DD472E040D70A590548FB', 244, 598380, 133750, 2, '18:45:00', 55),
(933, '9425F63562CAD472E040D70A590548FB', 298, 598378, 133700, 1, '18:45:00', 55),
(934, '944BA5378498E45FE040D70A59055935', 292, 598361, 133745, 4, '15:30:00', 55),
(935, '944BA5378498E45FE040D70A59055935', 292, 598361, 133745, 4, '16:25:00', 55),
(936, '9425F636083ED472E040D70A590548FB', 298, 598377, 133731, 4, '16:25:00', 55),
(937, '944BA5381316E45FE040D70A59055935', 298, 598377, 133731, 4, '20:35:00', 55),
(938, '944BA5381316E45FE040D70A59055935', 298, 598377, 133731, 4, '19:40:00', 55),
(939, '944BA534E04FE45FE040D70A59055935', 214, 598366, 133731, 1, '10:20:00', 55),
(940, '944BA534CDA5E45FE040D70A59055935', 370, 598325, 133732, 5, '16:25:00', 55),
(941, '944BA534374CE45FE040D70A59055935', 298, 598377, 133731, 4, '15:30:00', 55),
(942, '0AA3F78F460453D6648843D664FB9F32', 298, 598377, 133731, 4, '15:30:00', 55),
(943, 'BA167CF41EC2F6A7E040D70A590563A4', 7051, 598371, 133713, 1, '17:20:00', 55),
(944, 'IYRWUJR6LO3Z4MQU72Q5338ZBM5EA4MX', 7051, 598371, 133713, 1, '18:45:00', 55),
(945, '6BUU32KCGVQJ994WPJJ08HB7HG9EZXPD', 7051, 598371, 133713, 1, '18:45:00', 55),
(946, 'IYRWUJR6LO3Z4MQU72Q5338ZBM5EA4MX', 7051, 598371, 133713, 1, '19:40:00', 55),
(947, '6BUU32KCGVQJ994WPJJ08HB7HG9EZXPD', 7051, 598371, 133713, 1, '19:40:00', 55),
(948, '9425F6362650D472E040D70A590548FB', 7051, 598371, 133713, 5, '18:45:00', 55),
(949, 'IYRWUJR6LO3Z4MQU72Q5338ZBM5EA4MX', 7051, 598371, 133713, 2, '17:20:00', 55),
(950, '6BUU32KCGVQJ994WPJJ08HB7HG9EZXPD', 7051, 598371, 133713, 2, '17:20:00', 55),
(951, 'IYRWUJR6LO3Z4MQU72Q5338ZBM5EA4MX', 7051, 598371, 133713, 2, '18:45:00', 55),
(952, '6BUU32KCGVQJ994WPJJ08HB7HG9EZXPD', 7051, 598371, 133713, 2, '18:45:00', 55),
(953, 'IYRWUJR6LO3Z4MQU72Q5338ZBM5EA4MX', 7051, 598371, 133713, 5, '15:30:00', 55),
(954, '6BUU32KCGVQJ994WPJJ08HB7HG9EZXPD', 7051, 598371, 133713, 5, '15:30:00', 55),
(955, 'BA167CF41EC2F6A7E040D70A590563A4', 7051, 598373, 133720, 2, '16:25:00', 55),
(956, '9425F635A68AD472E040D70A590548FB', 7051, 598373, 133720, 1, '19:40:00', 55),
(957, '9425F633E33ED472E040D70A590548FB', 7051, 598372, 133723, 4, '18:45:00', 55),
(958, '0X00J3SL1IRQZQNFNZZ3BF2C3NLR89P0', 7051, 598372, 133723, 3, '20:35:00', 55),
(959, '0X00J3SL1IRQZQNFNZZ3BF2C3NLR89P0', 7051, 598372, 133723, 5, '16:25:00', 55),
(960, '9425F633E33ED472E040D70A590548FB', 7051, 598372, 133723, 4, '14:30:00', 60),
(961, '944BA534E04FE45FE040D70A59055935', 292, 598358, 133716, 2, '08:30:00', 55),
(962, '9425F635F856D472E040D70A590548FB', 292, 598358, 133734, 2, '12:40:00', 55),
(963, '9425F636851AD472E040D70A590548FB', 292, 598358, 133734, 2, '12:40:00', 55),
(964, '944BA5362FC9E45FE040D70A59055935', 7051, 598374, 133753, 2, '17:20:00', 55),
(965, '9425F636851AD472E040D70A590548FB', 292, 598358, 133734, 2, '13:35:00', 55),
(966, '9425F635F856D472E040D70A590548FB', 292, 598358, 133734, 2, '13:35:00', 55),
(967, '944BA535A3B4E45FE040D70A59055935', 7051, 598374, 133753, 4, '15:30:00', 55),
(968, '944BA535A3B4E45FE040D70A59055935', 7051, 598374, 133753, 4, '16:25:00', 55),
(969, '9425F633F56AD472E040D70A590548FB', 370, 598352, 133705, 3, '19:40:00', 55),
(970, '9425F633F56AD472E040D70A590548FB', 370, 598352, 133705, 1, '18:45:00', 55),
(971, '9425F635A31BD472E040D70A590548FB', 370, 598352, 133705, 4, '15:30:00', 55),
(972, '9425F635A31BD472E040D70A590548FB', 370, 598352, 133705, 5, '19:40:00', 55),
(973, '9425F633F56AD472E040D70A590548FB', 370, 598325, 133714, 2, '19:40:00', 55),
(974, 'BA167CF42051F6A7E040D70A590563A4', 370, 598325, 133714, 3, '15:30:00', 55),
(975, '9425F633F56AD472E040D70A590548FB', 370, 598325, 133714, 5, '17:20:00', 55),
(976, 'BA167CF42051F6A7E040D70A590563A4', 370, 598325, 133714, 5, '19:40:00', 55),
(977, '944BA533E726E45FE040D70A59055935', 214, 598367, 133735, 2, '14:30:00', 55),
(978, 'ZKKHLOFMNM58NPYNBOOPAY9ABFGAMJ6E', 290, 598353, 133749, 2, '12:40:00', 55),
(979, '9425F63564CED472E040D70A590548FB', 290, 598353, 133750, 2, '10:20:00', 55),
(980, '9425F63564CED472E040D70A590548FB', 290, 598353, 133750, 2, '11:45:00', 55),
(981, '9425F63564CED472E040D70A590548FB', 290, 598353, 133749, 4, '10:20:00', 55),
(982, '9425F63564CED472E040D70A590548FB', 290, 598353, 133750, 4, '11:45:00', 55),
(983, '9487DEAEF90D19D1E040D70A59052593', 290, 598353, 133750, 5, '09:25:00', 55),
(984, '9487DEAEF93519D1E040D70A59052593', 290, 598353, 133750, 5, '09:25:00', 55),
(985, '9487DEAEF93519D1E040D70A59052593', 290, 598353, 133750, 5, '09:25:00', 55),
(986, '9487DEAE67D019D1E040D70A59052593', 214, 598366, 133734, 4, '09:25:00', 55),
(987, 'QDIX1K97XMEOJAIEQFC2MJO712U3SE98', 214, 598366, 133734, 4, '09:25:00', 55),
(988, '9487DEAE67D019D1E040D70A59052593', 214, 598366, 133735, 4, '12:40:00', 55),
(989, '51C43841B645BE028A8C669603209E03', 370, 598352, 133705, 2, '20:35:00', 55),
(990, '9425F635F852D472E040D70A590548FB', 509, 598387, 133740, 1, '09:25:00', 55),
(991, '9425F635F852D472E040D70A590548FB', 509, 598387, 133740, 1, '10:20:00', 55),
(992, '9425F635648DD472E040D70A590548FB', 509, 598387, 133739, 1, '13:35:00', 55),
(993, '944BA5350F0AE45FE040D70A59055935', 509, 598387, 133736, 2, '13:35:00', 55),
(994, '9487DEAEAD2419D1E040D70A59052593', 509, 598387, 133738, 4, '13:35:00', 55),
(995, '9425F635648DD472E040D70A590548FB', 509, 598387, 133740, 5, '08:30:00', 55),
(996, '944BA5361364E45FE040D70A59055935', 509, 598387, 133740, 5, '12:40:00', 55),
(997, '9425F635F852D472E040D70A590548FB', 509, 598388, 133736, 4, '08:30:00', 55),
(998, '9487DEAEAD2419D1E040D70A59052593', 509, 598388, 133736, 5, '12:40:00', 55),
(999, '944BA538102DE45FE040D70A59055935', 717, 598375, 133739, 1, '08:30:00', 55),
(1000, '9425F635F852D472E040D70A590548FB', 717, 598375, 133740, 1, '12:40:00', 55),
(1001, '9425F635F852D472E040D70A590548FB', 717, 598375, 133739, 2, '08:30:00', 55),
(1002, '9425F635648DD472E040D70A590548FB', 717, 598375, 133740, 4, '12:40:00', 55),
(1003, '944BA53583FAE45FE040D70A59055935', 717, 598375, 133739, 5, '08:30:00', 55),
(1004, '944BA53583FAE45FE040D70A59055935', 717, 598376, 133738, 3, '08:30:00', 55),
(1005, '2E5310CFDEA00B12E050D70A59056A4C', 7843, 598362, 133736, 1, '18:45:00', 55),
(1006, '2E5310CFDEA00B12E050D70A59056A4C', 7843, 598362, 133736, 2, '18:45:00', 55),
(1007, '9425F6359ADDD472E040D70A590548FB', 7843, 598362, 133740, 3, '18:45:00', 55),
(1008, '9425F6359ADDD472E040D70A590548FB', 7843, 598362, 133740, 3, '19:40:00', 55),
(1009, 'BA167CF41EC2F6A7E040D70A590563A4', 7843, 598362, 133736, 4, '15:30:00', 55),
(1010, 'ZBIS884E704X1QZ801LFE5F47J4RHZ3R', 7843, 598363, 133740, 2, '19:40:00', 55),
(1011, 'ZBIS884E704X1QZ801LFE5F47J4RHZ3R', 7843, 598363, 133740, 2, '20:35:00', 55),
(1012, '944BA5375E29E45FE040D70A59055935', 7843, 598363, 133737, 3, '16:25:00', 55),
(1013, 'ZBIS884E704X1QZ801LFE5F47J4RHZ3R', 7843, 598363, 133737, 4, '16:25:00', 55),
(1014, '944BA5375E29E45FE040D70A59055935', 7843, 598363, 133737, 4, '19:40:00', 55),
(1015, '944BA5375E29E45FE040D70A59055935', 7843, 598363, 133737, 4, '20:35:00', 55),
(1016, '9V1P8WSCO3HK8QFD1NIHDIXLFW1FT453', 292, 598361, 133734, 5, '16:25:00', 55),
(1017, '9425F6352391D472E040D70A590548FB', 292, 598361, 133722, 5, '17:20:00', 55),
(1018, '9425F6352391D472E040D70A590548FB', 292, 598361, 133722, 5, '18:45:00', 55),
(1019, '9425F63562CAD472E040D70A590548FB', 298, 598377, 133731, 1, '16:25:00', 55),
(1020, '944BA534374CE45FE040D70A59055935', 298, 598377, 133731, 1, '19:40:00', 55),
(1021, '0AA3F78F460453D6648843D664FB9F32', 298, 598377, 133731, 1, '19:40:00', 55),
(1022, '944BA534374CE45FE040D70A59055935', 298, 598377, 133731, 1, '20:35:00', 55),
(1023, '0AA3F78F460453D6648843D664FB9F32', 298, 598377, 133731, 1, '20:35:00', 55),
(1024, '944BA534374CE45FE040D70A59055935', 298, 598377, 133731, 2, '17:20:00', 55),
(1025, '0AA3F78F460453D6648843D664FB9F32', 298, 598377, 133731, 2, '17:20:00', 55),
(1026, '944BA5373603E45FE040D70A59055935', 298, 598377, 133731, 3, '16:25:00', 55),
(1027, '9425F63562CAD472E040D70A590548FB', 298, 598377, 133731, 5, '15:30:00', 55),
(1028, '07BUVPV2UAVRKKMTJLUQH8J1LJPXF0ZC', 298, 598377, 133731, 5, '18:45:00', 55),
(1029, '9425F6365BDFD472E040D70A590548FB', 408, 598354, 133733, 2, '14:30:00', 60),
(1030, '944BA53583FAE45FE040D70A59055935', 717, 598375, 133739, 2, '14:30:00', 55),
(1031, 'EAPQLOSOQ2ODNUNDP34J4O91I6PMKU4D', 341, 598350, 133742, 2, '15:30:00', 55),
(1032, '2E5310CFDF700B12E050D70A59056A4C', 341, 598350, 133742, 4, '15:30:00', 55),
(1033, '2E5310CFDF700B12E050D70A59056A4C', 341, 598350, 133742, 4, '16:25:00', 55),
(1034, '2E5310CFDF700B12E050D70A59056A4C', 341, 598350, 133742, 4, '17:20:00', 55),
(1035, '9425F633F56AD472E040D70A590548FB', 341, 598350, 133742, 4, '18:45:00', 55),
(1036, 'EAPQLOSOQ2ODNUNDP34J4O91I6PMKU4D', 341, 598350, 133742, 5, '19:40:00', 55),
(1037, '2E5310CFDF700B12E050D70A59056A4C', 341, 598351, 133718, 1, '16:25:00', 55),
(1038, '9425F635D0E1D472E040D70A590548FB', 214, 598366, 133731, 2, '14:30:00', 55),
(1039, '9425F63564CED472E040D70A590548FB', 290, 598353, 133750, 2, '14:30:00', 55),
(1040, '9425F635C8A7D472E040D70A590548FB', 244, 598379, 133749, 4, '14:30:00', 55),
(1041, '9487DEAF0AC119D1E040D70A59052593', 1066, 598386, 133743, 5, '18:45:00', 55),
(1042, '9487DEAF0AC119D1E040D70A59052593', 1066, 598386, 133743, 5, '19:40:00', 55),
(1043, '9487DEAF0AC119D1E040D70A59052593', 1066, 598386, 133743, 5, '20:35:00', 55),
(1044, '24D1BC41ADB9A3F70B6AEFCABDCD98A0', 292, 598359, 133745, 5, '11:45:00', 55),
(1045, 'BA167CF41EC2F6A7E040D70A590563A4', 1072, 598382, 133751, 2, '19:40:00', 55),
(1046, '944BA53600BAE45FE040D70A59055935', 1072, 598382, 133751, 4, '16:25:00', 55),
(1047, '944BA53600BAE45FE040D70A59055935', 1072, 598382, 133751, 5, '19:40:00', 55),
(1048, '944BA53600BAE45FE040D70A59055935', 1072, 598382, 133751, 5, '20:35:00', 55),
(1049, '944BA535721EE45FE040D70A59055935', 1072, 598384, 133707, 2, '16:25:00', 55),
(1050, '944BA5381316E45FE040D70A59055935', 1072, 598384, 133707, 4, '16:25:00', 55),
(1051, '9425F636083ED472E040D70A590548FB', 214, 598366, 133716, 5, '12:40:00', 55),
(1052, '9425F636083ED472E040D70A590548FB', 370, 598325, 133734, 4, '19:40:00', 55),
(1053, '9425F636083ED472E040D70A590548FB', 370, 598325, 133734, 4, '20:35:00', 55),
(1054, '2X3SOA48N3GRKWBHEXUXZLARLCPHD5JP', 1084, 598330, 133731, 4, '09:25:00', 55),
(1055, '9425F633E33ED472E040D70A590548FB', 7051, 598372, 133723, 4, '19:40:00', 55),
(1056, '944BA534CDA5E45FE040D70A59055935', 370, 598325, 133732, 5, '15:30:00', 55),
(1057, '2D2F728AEE9AE0F8130C44789A09B3FE', 244, 598380, 133750, 3, '17:20:00', 55),
(1058, '944BA535A3B4E45FE040D70A59055935', 7051, 598372, 133723, 1, '20:35:00', 55),
(1059, '944BA5376E51E45FE040D70A59055935', 7051, 598373, 133720, 3, '18:45:00', 55),
(1060, '944BA5373603E45FE040D70A59055935', 298, 598377, 133731, 1, '17:20:00', 55),
(1061, '07BUVPV2UAVRKKMTJLUQH8J1LJPXF0ZC', 298, 598377, 133731, 1, '18:45:00', 55),
(1062, '944BA5381316E45FE040D70A59055935', 298, 598377, 133731, 2, '18:45:00', 55),
(1063, '944BA5373603E45FE040D70A59055935', 298, 598377, 133731, 5, '20:35:00', 55),
(1064, '9425F636083ED472E040D70A590548FB', 298, 598377, 133731, 2, '19:40:00', 55),
(1065, '9425F63562CAD472E040D70A590548FB', 298, 598377, 133731, 3, '19:40:00', 55),
(1066, '944BA5381316E45FE040D70A59055935', 292, 598361, 133753, 5, '19:40:00', 55),
(1067, '944BA5381316E45FE040D70A59055935', 292, 598361, 133753, 5, '20:35:00', 55),
(1068, '9487DEAE67D019D1E040D70A59052593', 214, 598366, 133734, 4, '08:30:00', 55),
(1069, 'QDIX1K97XMEOJAIEQFC2MJO712U3SE98', 214, 598366, 133734, 4, '08:30:00', 55),
(1070, '9487DEAE67D019D1E040D70A59052593', 214, 598366, 133734, 4, '10:20:00', 55),
(1071, 'QDIX1K97XMEOJAIEQFC2MJO712U3SE98', 214, 598366, 133734, 4, '10:20:00', 55),
(1072, '9487DEAE67D019D1E040D70A59052593', 214, 598366, 133735, 5, '08:30:00', 55),
(1073, '944BA533E726E45FE040D70A59055935', 214, 598366, 133735, 5, '08:30:00', 55),
(1074, '9487DEAE67D019D1E040D70A59052593', 214, 598366, 133735, 5, '10:20:00', 55),
(1075, '944BA533E726E45FE040D70A59055935', 214, 598366, 133735, 5, '10:20:00', 55),
(1076, '9425F633F56AD472E040D70A590548FB', 370, 598352, 133705, 1, '19:40:00', 55),
(1077, '9425F633F56AD472E040D70A590548FB', 370, 598352, 133705, 1, '20:35:00', 55),
(1078, '51C43841B645BE028A8C669603209E03', 370, 598352, 133705, 2, '19:40:00', 55),
(1079, '9425F633F56AD472E040D70A590548FB', 370, 598352, 133705, 3, '20:35:00', 55),
(1080, '9425F635A31BD472E040D70A590548FB', 370, 598352, 133705, 4, '16:25:00', 55),
(1081, '9487DEAEF90D19D1E040D70A59052593', 290, 598353, 133750, 1, '09:25:00', 55),
(1082, '9487DEAEF93519D1E040D70A59052593', 290, 598353, 133750, 1, '09:25:00', 55),
(1083, '9487DEAEF93519D1E040D70A59052593', 290, 598353, 133750, 1, '09:25:00', 55),
(1084, '9487DEAEF90D19D1E040D70A59052593', 290, 598353, 133750, 1, '08:30:00', 55),
(1085, '9487DEAEF93519D1E040D70A59052593', 290, 598353, 133750, 1, '08:30:00', 55),
(1086, '9487DEAEF93519D1E040D70A59052593', 290, 598353, 133750, 1, '08:30:00', 55),
(1087, '9487DEAEF90D19D1E040D70A59052593', 290, 598353, 133750, 3, '12:40:00', 55),
(1088, '9487DEAEF93519D1E040D70A59052593', 290, 598353, 133750, 3, '12:40:00', 55),
(1089, '9487DEAEF93519D1E040D70A59052593', 290, 598353, 133750, 3, '12:40:00', 55),
(1090, '9487DEAEF90D19D1E040D70A59052593', 290, 598353, 133750, 3, '13:35:00', 55),
(1091, '9487DEAEF93519D1E040D70A59052593', 290, 598353, 133750, 3, '13:35:00', 55),
(1092, '9487DEAEF93519D1E040D70A59052593', 290, 598353, 133750, 3, '13:35:00', 55),
(1093, 'ZKKHLOFMNM58NPYNBOOPAY9ABFGAMJ6E', 290, 598353, 133750, 4, '12:40:00', 55),
(1094, 'ZKKHLOFMNM58NPYNBOOPAY9ABFGAMJ6E', 290, 598353, 133749, 4, '13:35:00', 55),
(1095, '2D2F728AEE9AE0F8130C44789A09B3FE', 244, 598380, 133750, 3, '15:30:00', 55),
(1096, '944BA534C2B7E45FE040D70A59055935', 509, 598387, 133740, 2, '10:20:00', 55),
(1097, '9425F635F852D472E040D70A590548FB', 509, 598387, 133736, 3, '09:25:00', 55),
(1098, '9425F635F852D472E040D70A590548FB', 509, 598387, 133736, 3, '11:45:00', 55),
(1099, '9425F635648DD472E040D70A590548FB', 509, 598387, 133740, 3, '13:35:00', 55),
(1100, '9425F63564CCD472E040D70A590548FB', 509, 598387, 133738, 4, '09:25:00', 55),
(1101, '9487DEAEAD2419D1E040D70A59052593', 509, 598387, 133738, 4, '12:40:00', 55),
(1102, '9425F635D168D472E040D70A590548FB', 509, 598388, 133740, 2, '12:40:00', 55),
(1103, '9425F635D168D472E040D70A590548FB', 509, 598388, 133740, 2, '13:35:00', 55),
(1104, '9487DEAEAD2419D1E040D70A59052593', 509, 598388, 133740, 3, '08:30:00', 55),
(1105, '9487DEAEAD2419D1E040D70A59052593', 509, 598388, 133740, 3, '09:25:00', 55),
(1106, '9425F635D168D472E040D70A590548FB', 509, 598388, 133740, 3, '10:20:00', 55),
(1107, '9425F635F852D472E040D70A590548FB', 509, 598388, 133736, 3, '12:40:00', 55),
(1108, '9425F635F852D472E040D70A590548FB', 509, 598388, 133736, 3, '13:35:00', 55),
(1109, '9425F635F852D472E040D70A590548FB', 509, 598388, 133736, 4, '09:25:00', 55),
(1110, '9425F635648DD472E040D70A590548FB', 717, 598375, 133740, 1, '11:45:00', 55),
(1111, '9425F635F852D472E040D70A590548FB', 717, 598375, 133740, 1, '13:35:00', 55),
(1112, '9425F635F852D472E040D70A590548FB', 717, 598375, 133739, 2, '09:25:00', 55),
(1113, '9425F635F852D472E040D70A590548FB', 717, 598375, 133739, 2, '10:20:00', 55),
(1114, '9487DEAEAD2419D1E040D70A59052593', 717, 598375, 133738, 2, '11:45:00', 55),
(1115, '9487DEAEAD2419D1E040D70A59052593', 717, 598375, 133738, 2, '12:40:00', 55),
(1116, '944BA538102DE45FE040D70A59055935', 717, 598375, 133739, 3, '08:30:00', 55),
(1117, '944BA53583FAE45FE040D70A59055935', 717, 598375, 133740, 4, '08:30:00', 55),
(1118, '944BA538102DE45FE040D70A59055935', 717, 598375, 133740, 4, '10:20:00', 55),
(1119, '944BA5375E29E45FE040D70A59055935', 7843, 598363, 133737, 1, '18:45:00', 55),
(1120, '9425F634BFAAD472E040D70A590548FB', 412, 598329, 133738, 3, '19:40:00', 55),
(1121, '9425F6361C3DD472E040D70A590548FB', 412, 598329, 133738, 5, '15:30:00', 55),
(1122, '9425F6361C3DD472E040D70A590548FB', 412, 598329, 133738, 5, '16:25:00', 55),
(1123, '9425F635F854D472E040D70A590548FB', 412, 598329, 133740, 3, '17:20:00', 55),
(1124, '9425F635F854D472E040D70A590548FB', 412, 598329, 133740, 4, '15:30:00', 55),
(1125, '9425F635F854D472E040D70A590548FB', 412, 598329, 133740, 4, '16:25:00', 55),
(1126, '24D1BC41ADB9A3F70B6AEFCABDCD98A0', 1084, 598330, 133745, 2, '13:35:00', 55),
(1127, '24D1BC41ADB9A3F70B6AEFCABDCD98A0', 1084, 598330, 133745, 3, '09:25:00', 55),
(1128, '2X3SOA48N3GRKWBHEXUXZLARLCPHD5JP', 1084, 598330, 133731, 3, '11:45:00', 55),
(1129, '2X3SOA48N3GRKWBHEXUXZLARLCPHD5JP', 1084, 598330, 133731, 3, '12:40:00', 55),
(1130, 'QDIX1K97XMEOJAIEQFC2MJO712U3SE98', 1084, 598330, 133745, 4, '11:45:00', 55),
(1131, '9425F636851AD472E040D70A590548FB', 1084, 598330, 133745, 4, '11:45:00', 55),
(1132, 'QDIX1K97XMEOJAIEQFC2MJO712U3SE98', 1084, 598330, 133745, 4, '12:40:00', 55),
(1133, '9425F636851AD472E040D70A590548FB', 1084, 598330, 133745, 4, '12:40:00', 55),
(1134, 'QDIX1K97XMEOJAIEQFC2MJO712U3SE98', 1084, 598330, 133745, 4, '13:35:00', 55),
(1135, '9425F636851AD472E040D70A590548FB', 1084, 598330, 133745, 4, '13:35:00', 55),
(1136, 'QDIX1K97XMEOJAIEQFC2MJO712U3SE98', 1084, 598330, 133745, 5, '08:30:00', 55),
(1137, 'QDIX1K97XMEOJAIEQFC2MJO712U3SE98', 1084, 598330, 133745, 5, '09:25:00', 55),
(1138, '9425F636851AD472E040D70A590548FB', 1084, 598330, 133734, 5, '11:45:00', 55),
(1139, 'QDIX1K97XMEOJAIEQFC2MJO712U3SE98', 1084, 598330, 133734, 5, '11:45:00', 55),
(1140, '9425F636851AD472E040D70A590548FB', 1084, 598330, 133734, 5, '13:35:00', 55),
(1141, 'QDIX1K97XMEOJAIEQFC2MJO712U3SE98', 1084, 598330, 133734, 5, '13:35:00', 55),
(1142, '9487DEAE67D019D1E040D70A59052593', 214, 598367, 133735, 2, '09:25:00', 55),
(1143, 'NPI8TGET24U394L9QAVTCOVZZN3FRTMZ', 370, 598352, 133735, 4, '18:45:00', 55),
(1144, '944BA534CDA5E45FE040D70A59055935', 370, 598352, 133735, 4, '18:45:00', 55),
(1145, '944BA538102DE45FE040D70A59055935', 214, 598367, 133753, 5, '08:30:00', 55),
(1146, '944BA538102DE45FE040D70A59055935', 214, 598367, 133753, 5, '09:25:00', 55),
(1147, '9425F635D0E1D472E040D70A590548FB', 214, 598367, 133737, 5, '10:20:00', 55),
(1148, '9425F6352391D472E040D70A590548FB', 292, 598360, 133716, 1, '17:20:00', 55),
(1149, '944BA5378498E45FE040D70A59055935', 292, 598360, 133745, 1, '19:40:00', 55),
(1150, '944BA5373603E45FE040D70A59055935', 292, 598360, 133745, 1, '19:40:00', 55),
(1151, '944BA5378498E45FE040D70A59055935', 292, 598360, 133745, 2, '16:25:00', 55),
(1152, '944BA5373603E45FE040D70A59055935', 292, 598360, 133745, 2, '16:25:00', 55),
(1153, '944BA5378498E45FE040D70A59055935', 292, 598360, 133745, 2, '17:20:00', 55),
(1154, '944BA5373603E45FE040D70A59055935', 292, 598360, 133745, 2, '17:20:00', 55),
(1155, '9V1P8WSCO3HK8QFD1NIHDIXLFW1FT453', 292, 598360, 133734, 3, '16:25:00', 55),
(1156, '9V1P8WSCO3HK8QFD1NIHDIXLFW1FT453', 292, 598360, 133734, 3, '17:20:00', 55),
(1157, '9425F63562CAD472E040D70A590548FB', 298, 598378, 133700, 3, '18:45:00', 55),
(1158, '9425F636083ED472E040D70A590548FB', 214, 598366, 133735, 3, '11:45:00', 55),
(1159, '9425F63562CAD472E040D70A590548FB', 298, 598378, 133700, 4, '16:25:00', 55),
(1160, '07BUVPV2UAVRKKMTJLUQH8J1LJPXF0ZC', 298, 598378, 133700, 3, '19:40:00', 55),
(1161, '07BUVPV2UAVRKKMTJLUQH8J1LJPXF0ZC', 298, 598378, 133700, 4, '19:40:00', 55),
(1162, '07BUVPV2UAVRKKMTJLUQH8J1LJPXF0ZC', 298, 598378, 133700, 5, '15:30:00', 55),
(1163, '9425F63562CAD472E040D70A590548FB', 298, 598378, 133700, 5, '17:20:00', 55),
(1164, 'B91203086F048E84E040D70A5905310A', 7051, 598372, 133723, 5, '19:40:00', 55),
(1165, 'B91203086F048E84E040D70A5905310A', 7051, 598372, 133723, 5, '20:35:00', 55),
(1166, '9487DEAE67D019D1E040D70A59052593', 214, 598366, 133735, 4, '13:35:00', 55),
(1167, '9487DEAE67D019D1E040D70A59052593', 214, 598366, 133735, 5, '09:25:00', 55),
(1168, '944BA533E726E45FE040D70A59055935', 214, 598366, 133735, 5, '09:25:00', 55),
(1169, 'W9NKGRQK8W8T1DRLIL379AF2T0CVZSY6', 214, 598366, 133716, 5, '11:45:00', 55),
(1170, '9425F635A31BD472E040D70A590548FB', 370, 598352, 133705, 5, '20:35:00', 55),
(1171, '2D2F728AEE9AE0F8130C44789A09B3FE', 244, 598380, 133750, 3, '16:25:00', 55),
(1172, '9425F635C8A7D472E040D70A590548FB', 244, 598380, 133750, 5, '16:25:00', 55),
(1173, '9425F634BFAAD472E040D70A590548FB', 412, 598329, 133739, 4, '17:20:00', 55),
(1174, '9425F634BFAAD472E040D70A590548FB', 412, 598329, 133739, 4, '18:45:00', 55),
(1175, '9425F6361C3DD472E040D70A590548FB', 412, 598329, 133738, 4, '19:40:00', 55),
(1176, '9425F6361C3DD472E040D70A590548FB', 412, 598329, 133738, 5, '17:20:00', 55),
(1177, '9425F634BFAAD472E040D70A590548FB', 412, 598329, 133738, 5, '19:40:00', 55),
(1178, '9425F634BFAAD472E040D70A590548FB', 412, 598329, 133738, 5, '20:35:00', 55),
(1179, '9425F6352391D472E040D70A590548FB', 292, 598360, 133722, 3, '19:40:00', 55),
(1180, '944BA534374CE45FE040D70A59055935', 298, 598377, 133731, 5, '17:20:00', 55),
(1181, '0AA3F78F460453D6648843D664FB9F32', 298, 598377, 133731, 5, '17:20:00', 55),
(1182, '9425F636851AD472E040D70A590548FB', 1084, 598330, 133731, 3, '13:35:00', 55),
(1183, '9425F63564CED472E040D70A590548FB', 290, 598353, 133750, 5, '10:20:00', 55),
(1184, 'ZKKHLOFMNM58NPYNBOOPAY9ABFGAMJ6E', 290, 598353, 133750, 5, '12:40:00', 55),
(1185, 'NPI8TGET24U394L9QAVTCOVZZN3FRTMZ', 370, 598352, 133735, 1, '15:30:00', 55),
(1186, '944BA534CDA5E45FE040D70A59055935', 370, 598352, 133735, 1, '17:20:00', 55),
(1187, 'NPI8TGET24U394L9QAVTCOVZZN3FRTMZ', 370, 598352, 133735, 1, '17:20:00', 55),
(1188, '944BA534CDA5E45FE040D70A59055935', 370, 598352, 133735, 2, '15:30:00', 55),
(1189, 'NPI8TGET24U394L9QAVTCOVZZN3FRTMZ', 370, 598352, 133735, 2, '15:30:00', 55),
(1190, '944BA535388BE45FE040D70A59055935', 408, 598355, 133716, 1, '18:45:00', 55),
(1191, '944BA535388BE45FE040D70A59055935', 408, 598355, 133716, 1, '20:35:00', 55),
(1192, '9425F6355326D472E040D70A590548FB', 408, 598355, 133733, 2, '18:45:00', 55),
(1193, '2E5310CFDA5D0B12E050D70A59056A4C', 408, 598355, 133733, 4, '15:30:00', 55),
(1194, '5VCAGUZNSQBZZBK4VRU2UWYI7F7KBMCI', 412, 598328, 133739, 1, '15:30:00', 55),
(1195, '9425F635F854D472E040D70A590548FB', 412, 598329, 133740, 2, '17:20:00', 55),
(1196, 'KK227M5LQXVIDLMM28DLNN3MO76EO83P', 7837, 598368, 133743, 2, '14:30:00', 60),
(1197, '9425F634D34AD472E040D70A590548FB', 7837, 598369, 133747, 2, '14:30:00', 60),
(1198, '9425F634D34AD472E040D70A590548FB', 7837, 598369, 133747, 1, '08:30:00', 55),
(1199, '9425F634D34AD472E040D70A590548FB', 7837, 598369, 133747, 3, '09:25:00', 55),
(1200, 'W9NKGRQK8W8T1DRLIL379AF2T0CVZSY6', 7837, 598369, 133747, 1, '10:20:00', 55),
(1201, '5WAWKTGIXXFOUEYVWIXBE4S59WEIILIZ', 7837, 598370, 133751, 3, '10:20:00', 55),
(1202, '9425F635D0F0D472E040D70A590548FB', 7837, 598370, 133751, 1, '10:20:00', 55),
(1203, '9425F635D0F0D472E040D70A590548FB', 7837, 598370, 133751, 2, '10:20:00', 55),
(1204, 'W9NKGRQK8W8T1DRLIL379AF2T0CVZSY6', 7837, 598370, 133751, 1, '12:40:00', 55),
(1205, '9425F635D0F0D472E040D70A590548FB', 7837, 598370, 133751, 4, '08:30:00', 55),
(1206, '9425F635DA7BD472E040D70A590548FB', 7837, 598370, 133751, 4, '11:45:00', 55),
(1207, '9425F635D0EFD472E040D70A590548FB', 7837, 598370, 133751, 4, '11:45:00', 55),
(1208, '51C43841B645BE028A8C669603209E03', 341, 598350, 133742, 1, '16:25:00', 55),
(1209, '9425F635A31BD472E040D70A590548FB', 341, 598350, 133742, 3, '15:30:00', 55),
(1210, '9425F633F56AD472E040D70A590548FB', 341, 598350, 133742, 5, '15:30:00', 55),
(1211, '2E5310CFDF700B12E050D70A59056A4C', 341, 598350, 133742, 5, '16:25:00', 55),
(1212, 'EAPQLOSOQ2ODNUNDP34J4O91I6PMKU4D', 341, 598350, 133742, 3, '20:35:00', 55),
(1213, 'EAPQLOSOQ2ODNUNDP34J4O91I6PMKU4D', 341, 598350, 133742, 3, '19:40:00', 55),
(1214, 'EAPQLOSOQ2ODNUNDP34J4O91I6PMKU4D', 341, 598350, 133742, 1, '19:40:00', 55),
(1215, '2E5310CFDF700B12E050D70A59056A4C', 341, 598350, 133742, 1, '20:35:00', 55),
(1216, '2E5310CFDF700B12E050D70A59056A4C', 341, 598350, 133742, 2, '18:45:00', 55),
(1217, '9425F635A31BD472E040D70A590548FB', 341, 598350, 133742, 2, '19:40:00', 55),
(1218, 'EAPQLOSOQ2ODNUNDP34J4O91I6PMKU4D', 341, 598350, 133742, 5, '20:35:00', 55),
(1219, '2E5310CFDF700B12E050D70A59056A4C', 341, 598351, 133718, 1, '18:45:00', 55),
(1220, '9425F635A31BD472E040D70A590548FB', 341, 598351, 133718, 1, '19:40:00', 55),
(1221, '9425F635A31BD472E040D70A590548FB', 341, 598351, 133718, 1, '20:35:00', 55),
(1222, 'EAPQLOSOQ2ODNUNDP34J4O91I6PMKU4D', 341, 598351, 133718, 4, '17:20:00', 55),
(1223, '9425F633F56AD472E040D70A590548FB', 341, 598351, 133718, 5, '20:35:00', 55),
(1224, '9425F635A31BD472E040D70A590548FB', 341, 598351, 133718, 3, '20:35:00', 55);
INSERT INTO `horaris` (`id_hor`, `id_prof`, `id_cicle`, `id_grup`, `id_aula`, `dia`, `hora`, `durada`) VALUES
(1225, '9487DEAEF90D19D1E040D70A59052593', 290, 598353, 133750, 1, '10:20:00', 55),
(1226, '9487DEAEF93519D1E040D70A59052593', 290, 598353, 133750, 1, '10:20:00', 55),
(1227, '9487DEAEF93519D1E040D70A59052593', 290, 598353, 133750, 1, '10:20:00', 55),
(1228, 'ZKKHLOFMNM58NPYNBOOPAY9ABFGAMJ6E', 290, 598353, 133750, 1, '12:40:00', 55),
(1229, 'ZKKHLOFMNM58NPYNBOOPAY9ABFGAMJ6E', 290, 598353, 133750, 1, '13:35:00', 55),
(1230, '9425F63562C0D472E040D70A590548FB', 290, 598353, 133750, 3, '09:25:00', 55),
(1231, '9487DEAEF90D19D1E040D70A59052593', 290, 598353, 133750, 3, '09:25:00', 55),
(1232, '9487DEAEF93519D1E040D70A59052593', 290, 598353, 133750, 3, '09:25:00', 55),
(1233, '9487DEAEF93519D1E040D70A59052593', 290, 598353, 133750, 3, '09:25:00', 55),
(1234, '9425F63564CED472E040D70A590548FB', 290, 598353, 133750, 3, '11:45:00', 55),
(1235, '9425F634BFAAD472E040D70A590548FB', 412, 598329, 133738, 5, '18:45:00', 55),
(1236, 'ATEBPTYCH3I39DVQ87KC53A9C62JJED2', 7051, 598371, 133713, 3, '18:45:00', 55),
(1237, '6BUU32KCGVQJ994WPJJ08HB7HG9EZXPD', 7051, 598371, 133713, 3, '18:45:00', 55),
(1238, '9425F635A68AD472E040D70A590548FB', 7051, 598371, 133713, 3, '20:35:00', 55),
(1239, '9425F635A68AD472E040D70A590548FB', 7051, 598373, 133720, 3, '15:30:00', 55),
(1240, '9487DEAED79119D1E040D70A59052593', 7051, 598373, 133720, 5, '16:25:00', 55),
(1241, 'B91203086F048E84E040D70A5905310A', 7051, 598373, 133720, 4, '16:25:00', 55),
(1242, 'B91203086F048E84E040D70A5905310A', 7051, 598373, 133720, 4, '17:20:00', 55),
(1243, 'ATEBPTYCH3I39DVQ87KC53A9C62JJED2', 7051, 598371, 133713, 4, '14:30:00', 60),
(1244, 'B91203086F048E84E040D70A5905310A', 7051, 598373, 133720, 4, '14:30:00', 60),
(1245, '944BA535A3B4E45FE040D70A59055935', 7051, 598372, 133723, 2, '19:40:00', 55),
(1246, '944BA5362FC9E45FE040D70A59055935', 7051, 598372, 133723, 2, '15:30:00', 55),
(1247, '944BA5362FC9E45FE040D70A59055935', 7051, 598372, 133723, 4, '15:30:00', 55),
(1248, '944BA5362FC9E45FE040D70A59055935', 7051, 598372, 133723, 4, '16:25:00', 55),
(1249, '9425F633E33ED472E040D70A590548FB', 7051, 598372, 133723, 1, '18:45:00', 55),
(1250, '9425F633F56AD472E040D70A590548FB', 341, 598350, 133742, 2, '17:20:00', 55),
(1251, '944BA5362FC9E45FE040D70A59055935', 7051, 598374, 133753, 2, '16:25:00', 55),
(1252, 'QDIX1K97XMEOJAIEQFC2MJO712U3SE98', 292, 598358, 133734, 3, '12:40:00', 55),
(1253, '24D1BC41ADB9A3F70B6AEFCABDCD98A0', 292, 598358, 133734, 3, '12:40:00', 55),
(1254, '9487DEAED79119D1E040D70A59052593', 1160, 598326, 133747, 5, '18:45:00', 55),
(1255, 'QDIX1K97XMEOJAIEQFC2MJO712U3SE98', 292, 598358, 133734, 3, '13:35:00', 55),
(1256, '24D1BC41ADB9A3F70B6AEFCABDCD98A0', 292, 598358, 133734, 3, '13:35:00', 55),
(1257, '0X00J3SL1IRQZQNFNZZ3BF2C3NLR89P0', 1160, 598326, 133747, 2, '20:35:00', 55),
(1258, 'HEIG3NIZ3VJYDDSR4XSOWKCCYV125XAA', 1160, 598326, 133747, 1, '18:45:00', 55),
(1259, 'HEIG3NIZ3VJYDDSR4XSOWKCCYV125XAA', 1160, 598326, 133747, 1, '19:40:00', 55),
(1260, 'IYRWUJR6LO3Z4MQU72Q5338ZBM5EA4MX', 1160, 598326, 133747, 1, '20:35:00', 55),
(1261, '944BA534E04FE45FE040D70A59055935', 292, 598358, 133731, 5, '11:45:00', 55),
(1262, '9487DEAF0AC119D1E040D70A59052593', 1066, 598385, 133708, 4, '14:30:00', 60),
(1263, '9425F633E33ED472E040D70A590548FB', 1066, 598385, 133708, 1, '15:30:00', 55),
(1264, '9487DEAED79119D1E040D70A59052593', 1066, 598385, 133708, 3, '18:45:00', 55),
(1265, '9487DEAF0AC119D1E040D70A59052593', 1066, 598386, 133743, 4, '20:35:00', 55),
(1266, '944BA538102DE45FE040D70A59055935', 292, 598359, 133753, 5, '10:20:00', 55),
(1267, 'IYRWUJR6LO3Z4MQU72Q5338ZBM5EA4MX', 1072, 598381, 133721, 2, '19:40:00', 55),
(1268, 'IYRWUJR6LO3Z4MQU72Q5338ZBM5EA4MX', 1072, 598381, 133721, 5, '17:20:00', 55),
(1269, 'IYRWUJR6LO3Z4MQU72Q5338ZBM5EA4MX', 1072, 598381, 133721, 5, '18:45:00', 55),
(1270, '24D1BC41ADB9A3F70B6AEFCABDCD98A0', 292, 598359, 133745, 5, '13:35:00', 55),
(1271, '9487DEAED79119D1E040D70A59052593', 1072, 598381, 133721, 2, '16:25:00', 55),
(1272, '2E5310CFE21F0B12E050D70A59056A4C', 1072, 598383, 133709, 2, '19:40:00', 55),
(1273, '2E5310CFE21F0B12E050D70A59056A4C', 1072, 598383, 133709, 4, '16:25:00', 55),
(1274, '9425F6362650D472E040D70A590548FB', 1072, 598383, 133709, 3, '18:45:00', 55),
(1275, '944BA5376E51E45FE040D70A59055935', 1072, 598383, 133709, 5, '19:40:00', 55),
(1276, '944BA5376E51E45FE040D70A59055935', 1072, 598383, 133709, 5, '20:35:00', 55),
(1277, 'HEIG3NIZ3VJYDDSR4XSOWKCCYV125XAA', 1072, 598382, 133751, 2, '17:20:00', 55),
(1278, '944BA534FC1FE45FE040D70A59055935', 1072, 598382, 133751, 3, '18:45:00', 55),
(1279, '944BA53600BAE45FE040D70A59055935', 1072, 598382, 133751, 1, '19:40:00', 55),
(1280, 'EAPQLOSOQ2ODNUNDP34J4O91I6PMKU4D', 341, 598350, 133742, 2, '16:25:00', 55),
(1281, '9425F635A31BD472E040D70A590548FB', 341, 598350, 133742, 2, '20:35:00', 55),
(1282, '9425F633F56AD472E040D70A590548FB', 341, 598350, 133742, 4, '19:40:00', 55),
(1283, '9425F633F56AD472E040D70A590548FB', 341, 598350, 133742, 4, '20:35:00', 55),
(1284, 'EAPQLOSOQ2ODNUNDP34J4O91I6PMKU4D', 341, 598350, 133742, 5, '18:45:00', 55),
(1285, 'EAPQLOSOQ2ODNUNDP34J4O91I6PMKU4D', 341, 598351, 133718, 4, '15:30:00', 55),
(1286, 'EAPQLOSOQ2ODNUNDP34J4O91I6PMKU4D', 341, 598351, 133718, 4, '16:25:00', 55),
(1287, 'EAPQLOSOQ2ODNUNDP34J4O91I6PMKU4D', 341, 598351, 133718, 4, '18:45:00', 55),
(1288, 'EAPQLOSOQ2ODNUNDP34J4O91I6PMKU4D', 341, 598351, 133718, 5, '16:25:00', 55),
(1289, '944BA533E726E45FE040D70A59055935', 214, 598367, 133735, 2, '11:45:00', 55),
(1290, '9487DEAE67D019D1E040D70A59052593', 214, 598367, 133735, 3, '08:30:00', 55),
(1291, '9487DEAE67D019D1E040D70A59052593', 214, 598367, 133735, 3, '09:25:00', 55),
(1292, '944BA5373603E45FE040D70A59055935', 292, 598360, 133745, 4, '19:40:00', 55),
(1293, '9425F6352391D472E040D70A590548FB', 292, 598360, 133722, 3, '20:35:00', 55),
(1294, '9V1P8WSCO3HK8QFD1NIHDIXLFW1FT453', 292, 598360, 133734, 4, '17:20:00', 55),
(1295, '9425F63562CAD472E040D70A590548FB', 298, 598378, 133700, 1, '17:20:00', 55),
(1296, '9425F6352391D472E040D70A590548FB', 298, 598378, 133700, 1, '19:40:00', 55),
(1297, '07BUVPV2UAVRKKMTJLUQH8J1LJPXF0ZC', 298, 598378, 133700, 1, '20:35:00', 55),
(1298, '07BUVPV2UAVRKKMTJLUQH8J1LJPXF0ZC', 298, 598378, 133700, 3, '15:30:00', 55),
(1299, '9425F63562CAD472E040D70A590548FB', 298, 598378, 133700, 4, '17:20:00', 55),
(1300, '07BUVPV2UAVRKKMTJLUQH8J1LJPXF0ZC', 298, 598378, 133700, 5, '16:25:00', 55),
(1301, '944BA534080BE45FE040D70A59055935', 292, 598361, 133722, 2, '17:20:00', 55),
(1302, '944BA5378498E45FE040D70A59055935', 292, 598361, 133745, 3, '17:20:00', 55),
(1303, '9V1P8WSCO3HK8QFD1NIHDIXLFW1FT453', 292, 598361, 133734, 3, '20:35:00', 55),
(1304, '9425F634D364D472E040D70A590548FB', 1084, 598330, 133716, 1, '09:25:00', 55),
(1305, '9425F635F854D472E040D70A590548FB', 412, 598329, 133740, 3, '15:30:00', 55),
(1306, '9425F635F854D472E040D70A590548FB', 412, 598329, 133740, 3, '16:25:00', 55),
(1307, '944BA5373603E45FE040D70A59055935', 298, 598377, 133731, 3, '15:30:00', 55),
(1308, '944BA534374CE45FE040D70A59055935', 298, 598377, 133731, 3, '17:20:00', 55),
(1309, '0AA3F78F460453D6648843D664FB9F32', 298, 598377, 133731, 3, '17:20:00', 55),
(1310, '07BUVPV2UAVRKKMTJLUQH8J1LJPXF0ZC', 298, 598377, 133731, 3, '18:45:00', 55),
(1311, '944BA5373603E45FE040D70A59055935', 298, 598377, 133731, 5, '19:40:00', 55),
(1312, '9425F6362650D472E040D70A590548FB', 7051, 598371, 133713, 2, '16:25:00', 55),
(1313, 'IYRWUJR6LO3Z4MQU72Q5338ZBM5EA4MX', 7051, 598371, 133713, 4, '20:35:00', 55),
(1314, '6BUU32KCGVQJ994WPJJ08HB7HG9EZXPD', 7051, 598371, 133713, 4, '20:35:00', 55),
(1315, '9425F635A68AD472E040D70A590548FB', 7051, 598371, 133713, 2, '19:40:00', 55),
(1316, '9425F635A68AD472E040D70A590548FB', 7051, 598373, 133720, 1, '20:35:00', 55),
(1317, '9425F635A68AD472E040D70A590548FB', 7051, 598373, 133720, 5, '20:35:00', 55),
(1318, '944BA5376E51E45FE040D70A59055935', 7051, 598373, 133720, 1, '17:20:00', 55),
(1319, '0X00J3SL1IRQZQNFNZZ3BF2C3NLR89P0', 7051, 598372, 133723, 5, '17:20:00', 55),
(1320, '9425F633E33ED472E040D70A590548FB', 7051, 598374, 133753, 1, '17:20:00', 55),
(1321, '944BA535A3B4E45FE040D70A59055935', 7051, 598374, 133753, 4, '17:20:00', 55),
(1322, '9425F636851AD472E040D70A590548FB', 292, 598358, 133734, 3, '10:20:00', 55),
(1323, '9425F635F856D472E040D70A590548FB', 292, 598358, 133734, 3, '10:20:00', 55),
(1324, '9487DEAED79119D1E040D70A59052593', 1160, 598326, 133747, 2, '19:40:00', 55),
(1325, '9425F635D0E1D472E040D70A590548FB', 292, 598358, 133731, 4, '08:30:00', 55),
(1326, 'W9NKGRQK8W8T1DRLIL379AF2T0CVZSY6', 292, 598358, 133716, 4, '09:25:00', 55),
(1327, 'HEIG3NIZ3VJYDDSR4XSOWKCCYV125XAA', 1160, 598326, 133747, 5, '19:40:00', 55),
(1328, 'W9NKGRQK8W8T1DRLIL379AF2T0CVZSY6', 292, 598358, 133716, 4, '10:20:00', 55),
(1329, 'IYRWUJR6LO3Z4MQU72Q5338ZBM5EA4MX', 1160, 598326, 133747, 4, '19:40:00', 55),
(1330, '944BA534E04FE45FE040D70A59055935', 292, 598358, 133731, 4, '12:40:00', 55),
(1331, '944BA534E04FE45FE040D70A59055935', 292, 598358, 133731, 4, '13:35:00', 55),
(1332, '9425F635F856D472E040D70A590548FB', 292, 598358, 133734, 5, '09:25:00', 55),
(1333, '9425F636851AD472E040D70A590548FB', 292, 598358, 133734, 5, '09:25:00', 55),
(1334, '0X00J3SL1IRQZQNFNZZ3BF2C3NLR89P0', 1160, 598326, 133747, 3, '17:20:00', 55),
(1335, '0X00J3SL1IRQZQNFNZZ3BF2C3NLR89P0', 1160, 598326, 133747, 3, '18:45:00', 55),
(1336, '9425F635F856D472E040D70A590548FB', 292, 598359, 133745, 1, '10:20:00', 55),
(1337, '944BA534E04FE45FE040D70A59055935', 292, 598359, 133737, 2, '11:45:00', 55),
(1338, '944BA535721EE45FE040D70A59055935', 1066, 598385, 133708, 5, '18:45:00', 55),
(1339, '9487DEAF0AC119D1E040D70A59052593', 1066, 598385, 133708, 3, '16:25:00', 55),
(1340, '944BA5381316E45FE040D70A59055935', 1066, 598386, 133743, 1, '17:20:00', 55),
(1341, 'ATEBPTYCH3I39DVQ87KC53A9C62JJED2', 1066, 598386, 133743, 4, '15:30:00', 55),
(1342, 'ATEBPTYCH3I39DVQ87KC53A9C62JJED2', 1066, 598386, 133743, 1, '19:40:00', 55),
(1343, 'ATEBPTYCH3I39DVQ87KC53A9C62JJED2', 1066, 598386, 133743, 1, '20:35:00', 55),
(1344, 'ATEBPTYCH3I39DVQ87KC53A9C62JJED2', 1066, 598386, 133743, 3, '15:30:00', 55),
(1345, 'ATEBPTYCH3I39DVQ87KC53A9C62JJED2', 1066, 598386, 133743, 5, '15:30:00', 55),
(1346, '9425F635F856D472E040D70A590548FB', 292, 598359, 133745, 3, '13:35:00', 55),
(1347, '9425F635D072D472E040D70A590548FB', 1066, 598386, 133743, 2, '16:25:00', 55),
(1348, '944BA534E04FE45FE040D70A59055935', 292, 598359, 133737, 5, '09:25:00', 55),
(1349, 'IYRWUJR6LO3Z4MQU72Q5338ZBM5EA4MX', 1072, 598381, 133721, 1, '15:30:00', 55),
(1350, 'IYRWUJR6LO3Z4MQU72Q5338ZBM5EA4MX', 1072, 598381, 133721, 2, '20:35:00', 55),
(1351, '9487DEAED79119D1E040D70A59052593', 1072, 598381, 133721, 2, '15:30:00', 55),
(1352, '944BA534FC1FE45FE040D70A59055935', 1072, 598381, 133721, 3, '15:30:00', 55),
(1353, '2E5310CFE21F0B12E050D70A59056A4C', 1072, 598381, 133721, 5, '16:25:00', 55),
(1354, '2E5310CFE21F0B12E050D70A59056A4C', 1072, 598383, 133709, 1, '17:20:00', 55),
(1355, '9425F6362650D472E040D70A590548FB', 1072, 598383, 133709, 3, '19:40:00', 55),
(1356, '9425F6362650D472E040D70A590548FB', 1072, 598383, 133709, 3, '20:35:00', 55),
(1357, 'HEIG3NIZ3VJYDDSR4XSOWKCCYV125XAA', 1072, 598382, 133751, 4, '18:45:00', 55),
(1358, 'BA167CF41EC2F6A7E040D70A590563A4', 1072, 598382, 133751, 2, '20:35:00', 55),
(1359, 'BA167CF41EC2F6A7E040D70A590563A4', 1072, 598382, 133751, 4, '20:35:00', 55),
(1360, '944BA53600BAE45FE040D70A59055935', 1072, 598382, 133751, 1, '20:35:00', 55),
(1361, '944BA53600BAE45FE040D70A59055935', 1072, 598382, 133751, 3, '19:40:00', 55),
(1362, 'EAPQLOSOQ2ODNUNDP34J4O91I6PMKU4D', 341, 598350, 133742, 1, '17:20:00', 55),
(1363, 'EAPQLOSOQ2ODNUNDP34J4O91I6PMKU4D', 341, 598350, 133742, 1, '18:45:00', 55),
(1364, 'EAPQLOSOQ2ODNUNDP34J4O91I6PMKU4D', 341, 598351, 133718, 5, '15:30:00', 55),
(1365, '9425F633F56AD472E040D70A590548FB', 341, 598351, 133718, 2, '16:25:00', 55),
(1366, '9425F635A31BD472E040D70A590548FB', 341, 598351, 133718, 2, '17:20:00', 55),
(1367, '9425F635A31BD472E040D70A590548FB', 341, 598351, 133718, 3, '19:40:00', 55),
(1368, '2E5310CFDF700B12E050D70A59056A4C', 341, 598351, 133718, 4, '20:35:00', 55),
(1369, '944BA534080BE45FE040D70A59055935', 292, 598361, 133722, 4, '18:45:00', 55),
(1370, '9V1P8WSCO3HK8QFD1NIHDIXLFW1FT453', 292, 598361, 133734, 5, '15:30:00', 55),
(1371, '9425F636083ED472E040D70A590548FB', 298, 598377, 133731, 2, '20:35:00', 55),
(1372, '9425F633E33ED472E040D70A590548FB', 7051, 598372, 133723, 4, '20:35:00', 55),
(1373, '9425F6365BDFD472E040D70A590548FB', 408, 598354, 133733, 1, '12:40:00', 55),
(1374, '9425F6365BDFD472E040D70A590548FB', 408, 598354, 133733, 2, '13:35:00', 55),
(1375, '9487DEAEF90D19D1E040D70A59052593', 290, 598327, 133749, 2, '14:30:00', 55),
(1376, '9487DEAEF93519D1E040D70A59052593', 290, 598327, 133749, 2, '14:30:00', 55),
(1377, '9487DEAEF93519D1E040D70A59052593', 290, 598327, 133749, 2, '14:30:00', 55),
(1378, '944BA5352C81E45FE040D70A59055935', 795, 598357, 133724, 1, '19:40:00', 55),
(1379, '944BA5352C81E45FE040D70A59055935', 795, 598357, 133724, 1, '20:35:00', 55),
(1380, '944BA5352C81E45FE040D70A59055935', 795, 598357, 133724, 3, '19:40:00', 55),
(1381, '944BA5352C81E45FE040D70A59055935', 795, 598357, 133724, 2, '16:25:00', 55),
(1382, '944BA5352C81E45FE040D70A59055935', 795, 598357, 133724, 4, '15:30:00', 55),
(1383, '944BA5352C81E45FE040D70A59055935', 795, 598357, 133724, 3, '18:45:00', 55),
(1384, '944BA5352C81E45FE040D70A59055935', 795, 598357, 133724, 4, '18:45:00', 55),
(1385, '944BA5352C81E45FE040D70A59055935', 795, 598357, 133724, 2, '15:30:00', 55),
(1386, '944BA5352C81E45FE040D70A59055935', 795, 598357, 133724, 2, '17:20:00', 55),
(1387, 'FTU3J5OWTH6O6FISMCBKZS8YALIK8HKJ', 795, 598356, 133712, 1, '18:45:00', 55),
(1388, 'FTU3J5OWTH6O6FISMCBKZS8YALIK8HKJ', 795, 598356, 133712, 5, '17:20:00', 55),
(1389, 'FTU3J5OWTH6O6FISMCBKZS8YALIK8HKJ', 795, 598356, 133712, 1, '15:30:00', 55),
(1390, 'FTU3J5OWTH6O6FISMCBKZS8YALIK8HKJ', 795, 598357, 133724, 4, '19:40:00', 55),
(1391, 'FTU3J5OWTH6O6FISMCBKZS8YALIK8HKJ', 795, 598356, 133712, 5, '18:45:00', 55),
(1392, '944BA5352C81E45FE040D70A59055935', 795, 598356, 133712, 5, '15:30:00', 55),
(1393, '944BA5352C81E45FE040D70A59055935', 795, 598356, 133712, 5, '16:25:00', 55),
(1394, '9425F635A31BD472E040D70A590548FB', 370, 598352, 133705, 3, '18:45:00', 55),
(1395, '944BA5376E51E45FE040D70A59055935', 7051, 598371, 133713, 3, '16:25:00', 55),
(1396, '6BUU32KCGVQJ994WPJJ08HB7HG9EZXPD', 7051, 598371, 133713, 3, '16:25:00', 55),
(1397, 'BA167CF42051F6A7E040D70A590563A4', 370, 598325, 133714, 1, '17:20:00', 55),
(1398, '944BA5352C81E45FE040D70A59055935', 795, 598357, 133724, 5, '18:45:00', 55),
(1399, '944BA5352C81E45FE040D70A59055935', 795, 598357, 133724, 1, '18:45:00', 55),
(1400, '944BA5352C81E45FE040D70A59055935', 795, 598357, 133724, 3, '20:35:00', 55),
(1401, '944BA5352C81E45FE040D70A59055935', 795, 598357, 133724, 4, '17:20:00', 55),
(1402, '944BA5352C81E45FE040D70A59055935', 795, 598357, 133724, 5, '17:20:00', 55),
(1403, '944BA5352C81E45FE040D70A59055935', 795, 598357, 133724, 4, '16:25:00', 55),
(1404, '9425F6352391D472E040D70A590548FB', 298, 598378, 133700, 4, '14:35:00', 55),
(1405, '24D1BC41ADB9A3F70B6AEFCABDCD98A0', 292, 598359, 133745, 4, '10:20:00', 55),
(1406, 'QDIX1K97XMEOJAIEQFC2MJO712U3SE98', 292, 598358, 133734, 1, '08:30:00', 55),
(1407, '9425F6365BDFD472E040D70A590548FB', 408, 598354, 133733, 5, '10:20:00', 55),
(1408, '9425F636851AD472E040D70A590548FB', 292, 598359, 133734, 1, '12:40:00', 55);

-- --------------------------------------------------------

--
-- Estructura de tabla para la tabla `professorat`
--

CREATE TABLE `professorat` (
  `id_prof` int(11) NOT NULL,
  `codi` varchar(50) DEFAULT NULL,
  `nom` varchar(100) NOT NULL,
  `llin1` varchar(50) DEFAULT NULL,
  `llin2` varchar(50) DEFAULT NULL,
  `email` varchar(100) DEFAULT NULL,
  `username` varchar(30) DEFAULT NULL,
  `departament` varchar(30) NOT NULL,
  `comentaris` varchar(100) DEFAULT NULL,
  `credit` int(11) DEFAULT 15
) ENGINE=InnoDB DEFAULT CHARSET=utf8mb4 COLLATE=utf8mb4_general_ci;

--
-- Volcado de datos para la tabla `professorat`
--

INSERT INTO `professorat` (`id_prof`, `codi`, `nom`, `llin1`, `llin2`, `email`, `username`, `departament`, `comentaris`, `credit`) VALUES
(1, NULL, 'GIÓN MUÑOZ, RAFA', NULL, NULL, 'rgion@cifpfbmoll.eu', NULL, 'INFORMÀTICA', '', 15),
(2, 'EAPQLOSOQ2ODNUNDP34J4O91I6PMKU4D', 'ALBERTO', 'ACUÑA', 'ALLOZA', NULL, 'x21472507', '7315', NULL, 15),
(3, '07BUVPV2UAVRKKMTJLUQH8J1LJPXF0ZC', 'MARIA JOSE', 'ADAMUZ', 'CAÑADA', NULL, 'x44268696', '7312', NULL, 15),
(4, '9425F6365BDFD472E040D70A590548FB', 'MARIA', 'ADROVER', 'FIOL', NULL, 'x78214757', '7311', NULL, 15),
(5, '9425F6352391D472E040D70A590548FB', 'AINA', 'ADROVER', 'GARCIA', NULL, 'e43210380g', '7312', NULL, 15),
(6, 'ZKKHLOFMNM58NPYNBOOPAY9ABFGAMJ6E', 'MARIA DE LLUC', 'ALEMANY', 'MORELL', NULL, 'u94328', '7314', NULL, 15),
(7, '944BA538102DE45FE040D70A59055935', 'ÁNGELA MARGARITA', 'ALEMANY', 'MULET', NULL, 'x43050840', '7313', NULL, 15),
(8, '9425F634D362D472E040D70A590548FB', 'ANTONI', 'AMENGUAL', 'SALAS', NULL, 'x43090845', '7315', NULL, 15),
(9, '944BA53600BAE45FE040D70A59055935', 'RAFAEL', 'ANDIÓN', 'FERNÁNDEZ', NULL, 'x32435522', '7315', NULL, 15),
(10, 'NPI8TGET24U394L9QAVTCOVZZN3FRTMZ', 'MARIA ISABEL', 'ARTERO', 'MARTINEZ', NULL, 'x42995010', '7312', NULL, 15),
(11, '944BA5350F0AE45FE040D70A59055935', 'ANTONI', 'ASENSIO', 'TORRES', NULL, 'e43164131p', '7311', NULL, 15),
(12, '3T9FPFQ2T878YPHDSFRBUBLR92DDUYCO', 'JAUME', 'BARCELO', 'VICENS', NULL, 'x43135949', '7315', NULL, 15),
(13, '9V1P8WSCO3HK8QFD1NIHDIXLFW1FT453', 'BARBARA ANDREA', 'BELMONTE', 'ZARAGOZA', NULL, 'x48535312', '7312', NULL, 15),
(14, '944BA534491FE45FE040D70A59055935', 'SARA', 'BERNAL', 'HOYAS', NULL, 'e41621325l', '7312', NULL, 15),
(15, '944BA534080BE45FE040D70A59055935', 'ELENA', 'BLESA', 'GUERRERO', NULL, 'x24350035', '7312', NULL, 15),
(16, '9425F6369B91D472E040D70A590548FB', 'MÍRIIAM JUDIT', 'BOLÍVAR', 'RIGO', NULL, 'u141711', '7313', NULL, 15),
(17, '9487DEAEFC5019D1E040D70A59052593', 'PASCUAL', 'BOSCH', 'ROSSELLÓ', NULL, 'x41516455', '7311', NULL, 15),
(18, '9487DEAED79119D1E040D70A59052593', 'MARIA ADELA', 'BUJOSA', 'VICH', NULL, 'x43042900', '7315', NULL, 15),
(19, '944BA5376E51E45FE040D70A59055935', 'NADAL', 'BURGUERA', 'GARI', NULL, 'x43114807', '7315', NULL, 15),
(20, '9425F635D168D472E040D70A590548FB', 'MIREN LIBE', 'CÁRCAMO', 'DEL AMO', NULL, 'x16525056', '7311', NULL, 15),
(21, '9425F635A68AD472E040D70A590548FB', 'MARIA DEL MAR', 'CARDONA', 'ARANDA', NULL, 'x43215599', '7315', NULL, 15),
(22, '944BA5378498E45FE040D70A59055935', 'MARÍA REYES', 'CARPINTERO', 'GONZÁLEZ', NULL, 'x12743117', '7312', NULL, 15),
(23, '9425F63562C0D472E040D70A590548FB', 'MARIA ANGELES', 'CARRASCOSA', 'MULA', NULL, 'x28597413', '7314', NULL, 15),
(24, 'FTU3J5OWTH6O6FISMCBKZS8YALIK8HKJ', 'JUAN CARLOS', 'CASTILLO', 'CAPELLA', NULL, 'e53242226d', '7311', NULL, 15),
(25, '9425F63564CCD472E040D70A590548FB', 'NEUS', 'CERDA', 'VICH', NULL, 'x43061755', '7313', NULL, 15),
(26, '9425F635A31BD472E040D70A590548FB', 'MARIA DEL CARME', 'COLL', 'OLIVER', NULL, 'x43092105', '7310', NULL, 15),
(27, '9425F634C651D472E040D70A590548FB', 'CARME', 'COMAS', 'PORTAS', NULL, 'x43168331', '7311', NULL, 15),
(28, '9425F636851AD472E040D70A590548FB', 'NAOMI AMANDINE FLORIS', 'CROZIER', '', NULL, 'ex9126583e', '7312', NULL, 15),
(29, '9425F635F852D472E040D70A590548FB', 'ISABEL MARÍA', 'CRUCES', 'SÁNCHEZ', NULL, 'x43073106', '7311', NULL, 15),
(30, '9425F635F856D472E040D70A590548FB', 'CATALINA MARIA', 'DOLS', 'AMENGUAL', NULL, 'x43071374', '7312', NULL, 15),
(31, '5VCAGUZNSQBZZBK4VRU2UWYI7F7KBMCI', 'EVA MARIA', 'DOMÈNECH', 'MOLERO', NULL, 'e22584654b', '7311', NULL, 15),
(32, '944BA53583FAE45FE040D70A59055935', 'ANA', 'DUNJO', 'ARRIBAS', NULL, 'x45193011', '7311', NULL, 15),
(33, '2E5310CFDEA00B12E050D70A59056A4C', 'AUREA', 'ERNICA', 'VOGEL', NULL, 'x74366769', '7311', NULL, 15),
(34, '9425F635C8A7D472E040D70A590548FB', 'ALBERTO', 'ESCUDERO', 'JULIA', NULL, 'u104714', '7314', NULL, 15),
(35, '944BA534FC1FE45FE040D70A59055935', 'RAFAEL', 'ESTARELLAS', 'MATAS', NULL, 'x43070865', '7315', NULL, 15),
(36, '944BA537EDB4E45FE040D70A59055935', 'PAULA', 'FAJARDO', 'RINCON', NULL, 'e41662223t', '7312', NULL, 15),
(37, '2E5310CFE21F0B12E050D70A59056A4C', 'MÁXIMO', 'FERNÁNDEZ', 'RIERA', NULL, 'e43148742y', '7315', NULL, 15),
(38, '944BA534374CE45FE040D70A59055935', 'ELENA', 'FIOL', 'DIEZ', NULL, 'e43195064y', '7312', NULL, 15),
(39, '5WAWKTGIXXFOUEYVWIXBE4S59WEIILIZ', 'AINA', 'FONOLLERES', 'VILLEGAS', NULL, 'x43137697', '7315', NULL, 15),
(40, '944BA5373603E45FE040D70A59055935', 'YUKI', 'FUKUSAKA', 'MINGORANCE', NULL, 'e43173985h', '7312', NULL, 15),
(41, 'T7DEXF2YPSOLUZSHL69FBXVAMBY3CANV', 'ELVIRA', 'GARCÍA', 'AGUIRRE', NULL, 'e43071192n', '7313', NULL, 15),
(42, 'V56BQXUFCMA8MHSXHGAV9AU8IWO3RZ0W', 'JUAN ANTONIO', 'GARCIA', 'CANO', NULL, '', '7315', NULL, 15),
(43, '9425F635D0F0D472E040D70A590548FB', 'ANTONIA', 'GARCÍA', 'GINARD', NULL, 'x43006409', '7315', NULL, 15),
(44, 'JPMBELGQKRZKKPLCQEVOYLUCWW8RHBD9', 'MARTA', 'GARCÍA', 'MARTOS', NULL, '', '7313', NULL, 15),
(45, 'ZKFDBBEJ1MLPVJIN6W9CULJHGZRYP6GR', 'MARIA VIOLETA', 'GARCÍA', 'NÚÑEZ', NULL, 'x70581741', '7311', NULL, 15),
(46, 'BA167CF41EC2F6A7E040D70A590563A4', 'MARINA', 'GARCIAS', 'SALVA', NULL, 'x78216943', '7313', NULL, 15),
(47, '2X3SOA48N3GRKWBHEXUXZLARLCPHD5JP', 'NOEMI', 'GARCIES', 'ARTIGUES', NULL, 'u89046', '7312', NULL, 15),
(48, '944BA535A3B4E45FE040D70A59055935', 'ANTONI', 'GAYÁ', 'MAS', NULL, 'x18220777', '7315', NULL, 15),
(49, '0X00J3SL1IRQZQNFNZZ3BF2C3NLR89P0', 'RAFAEL', 'GIÓN', 'MUÑOZ', NULL, 'x44800785', '7315', NULL, 15),
(50, '944BA533E726E45FE040D70A59055935', 'SILVIA MERCEDES', 'GOMEZ', 'VEGA', NULL, 'x43119486', '7312', NULL, 15),
(51, '9425F635648DD472E040D70A590548FB', 'CARLOS', 'GRACIA', 'RODRÍGUEZ', NULL, 'x29157188', '7311', NULL, 15),
(52, '2E5310CFDA5D0B12E050D70A59056A4C', 'FRANCISCA', 'GUARDIOLA', 'SERRANO', NULL, 'x43058852', '7311', NULL, 15),
(53, 'QDIX1K97XMEOJAIEQFC2MJO712U3SE98', 'MIRIAM', 'HERRANZ', 'ALIAS', NULL, 'x46356003', '7312', NULL, 15),
(54, '9425F635DA7BD472E040D70A590548FB', 'JOSEP LLUIS', 'HUERTA', 'GRAFIA', NULL, 'x52682218', '7315', NULL, 15),
(55, '9425F635F86DD472E040D70A590548FB', 'MARÍA DEL CARMEN', 'INÉS', 'FERNÁNDEZ', NULL, 'x11940464', '7314', NULL, 15),
(56, '944BA5361364E45FE040D70A59055935', 'ADRIÁN', 'INSUA', 'GERPE', NULL, 'x43184607', '7311', NULL, 15),
(57, 'YZH1A44F5RMB9KZBIDJ22DM5JOKK4G8K', 'SERGIO', 'JIMÉNEZ', 'CABRERA', NULL, '', '7313', NULL, 15),
(58, '944BA534E04FE45FE040D70A59055935', 'ANA MARIA', 'LLABRES', 'GUAL', NULL, 'x44328534', '7312', NULL, 15),
(59, '944BA5371A0CE45FE040D70A59055935', 'YAEL', 'LLEÓ', 'MARCHANTE', NULL, 'e45372363x', '7312', NULL, 15),
(60, '944BA534CDA5E45FE040D70A59055935', 'DOLORES', 'LÓPEZ', 'ORTEGA', NULL, 'x43058111', '7312', NULL, 15),
(61, '9425F6365B05D472E040D70A590548FB', 'ELISA', 'MARTÍNEZ', 'SAMPOL', NULL, 'x43151793', '7311', NULL, 15),
(62, 'W9NKGRQK8W8T1DRLIL379AF2T0CVZSY6', 'ALEXANDRE', 'MAS', 'SOLANO', NULL, 'e43153628q', '7313', NULL, 15),
(63, 'RAK6WN55NG6IYCP3JPDRQWUAANML0G7W', 'MARIA DEL CARMEN', 'MAS', 'TOUS', NULL, 'x43088748', '7313', NULL, 15),
(64, '9425F6369ED1D472E040D70A590548FB', 'ISABEL', 'MATEU', 'ARCOS', NULL, 'x20441121', '7310', NULL, 15),
(65, '944BA534C2B7E45FE040D70A59055935', 'BEATRIZ', 'MENDEZ', 'BAIGES', NULL, 'x07469361', '7313', NULL, 15),
(66, '9425F635D0EFD472E040D70A590548FB', 'MARIA TERESA', 'MESTRE', 'MUT', NULL, 'x43064336', '7315', NULL, 15),
(67, '9425F63564CED472E040D70A590548FB', 'MIQUEL', 'MIRALLES', 'FONTIRROIG', NULL, 'x43063283', '7314', NULL, 15),
(68, '24D1BC41ADB9A3F70B6AEFCABDCD98A0', 'MARÍA DE LOS ÁNGELES', 'MOLINERA', 'CARRASCO', NULL, 'x43073450', '7312', NULL, 15),
(69, '0AA3F78F460453D6648843D664FB9F32', 'MELANIE', 'MONSERRAT', 'VERBRUGGE', NULL, 'x43130039', '7312', NULL, 15),
(70, '45TGHU6AMUNBYRFDVU2ZK84HIK6O9KX9', 'ANASTASIO', 'MORERA', 'MARTEL', NULL, 'x42171024', '7315', NULL, 15),
(71, '9425F634E971D472E040D70A590548FB', 'ANA MARIA', 'MOREY', 'ALZAMORA', NULL, 'x43035613', '7310', NULL, 15),
(72, '2E5310CFDF700B12E050D70A59056A4C', 'JAIME TOMAS', 'MOTA', 'GOMEZ', NULL, 'x74513850', '7315', NULL, 15),
(73, '9487DEAF0AC119D1E040D70A59052593', 'MACIÀ', 'MUT', 'PUIGSERVER', NULL, 'x43027588', '7315', NULL, 15),
(74, '9425F634D34AD472E040D70A590548FB', 'MARIA DEL CARMEN', 'NOGUERA', 'LLABRÉS', NULL, 'x43048840', '7315', NULL, 15),
(75, '51C43841B645BE028A8C669603209E03', 'JOAN', 'OLIVER', 'KARLSSON', NULL, 'x43130607', '7314', NULL, 15),
(76, '944BA5346BB8E45FE040D70A59055935', 'FRANCISCA', 'OLIVER', 'TORRANDELL', NULL, 'e41523918v', '7312', NULL, 15),
(77, '944BA5362FC9E45FE040D70A59055935', 'ANTONIO', 'PASCUAL', 'GALMÉS', NULL, 'x18222436', '7313', NULL, 15),
(78, '9425F635F854D472E040D70A590548FB', 'VICENTA', 'PÉREZ', 'CALABUIG', NULL, 'x74215671', '7311', NULL, 15),
(79, '9425F635D0E1D472E040D70A590548FB', 'MARIA LUISA', 'PEREZ-VILLEGAS', 'ORDOVAS', NULL, 'x43000835', '7312', NULL, 15),
(80, '9425F635A32BD472E040D70A590548FB', 'MARIA DEL CARMEN', 'PINTADO', 'DIAZ', NULL, 'x43001610', '7311', NULL, 15),
(81, 'HEIG3NIZ3VJYDDSR4XSOWKCCYV125XAA', 'ALEJANDRO JOSE', 'PONS', 'GARCÍA', NULL, 'x43159103', '7315', NULL, 15),
(82, '9487DEAE67D019D1E040D70A59052593', 'MARGARITA', 'POU', 'SEGURA', NULL, 'x43056806', '7312', NULL, 15),
(83, '9425F635AC4ED472E040D70A590548FB', 'DANIEL', 'PUEYO', 'SOLER', NULL, 'e17728198m', '7315', NULL, 15),
(84, '9425F63562CAD472E040D70A590548FB', 'ISABEL', 'RAMIS', 'AMENGUAL', NULL, 'x43069567', '7312', NULL, 15),
(85, '9425F635D072D472E040D70A590548FB', 'JUAN MIGUEL', 'RAMON', 'TUR', NULL, 'x41445641', '7315', NULL, 15),
(86, 'ATEBPTYCH3I39DVQ87KC53A9C62JJED2', 'EMILIO', 'REAL', 'ARTACHO', NULL, 'u83540', '7315', NULL, 15),
(87, '9425F634BFAAD472E040D70A590548FB', 'PEDRO', 'REYNÉS', 'PLANIOL', NULL, 'x43109698', '7311', NULL, 15),
(88, '9425F6362650D472E040D70A590548FB', 'TOMÁS', 'RIBOT', 'JIMÉNEZ', NULL, 'x18226289', '7315', NULL, 15),
(89, '9425F6361C3DD472E040D70A590548FB', 'MARIA DEL MAR', 'RIGO', 'ADROVER', NULL, 'e41524941m', '7311', NULL, 15),
(90, '9425F634D364D472E040D70A590548FB', 'MARIA JOSE', 'RODRIGUEZ', 'BUITRAGO', NULL, 'x73768677', '7313', NULL, 15),
(91, '6BUU32KCGVQJ994WPJJ08HB7HG9EZXPD', 'MARIA SOLEDAD', 'RUIZ', 'RIVERA', NULL, 'e43085307m', '7315', NULL, 15),
(92, '944BA535721EE45FE040D70A59055935', 'BARTOLOME', 'SABATER', 'BOSCH', NULL, 'x43026097', '7315', NULL, 15),
(93, '9425F63398DDD472E040D70A590548FB', 'GUILLERMO FRANCISCO', 'SALOM', 'FORTEZA', NULL, 'u59296', '7315', NULL, 15),
(94, 'ZBIS884E704X1QZ801LFE5F47J4RHZ3R', 'DAVID', 'SÁNCHEZ', 'BERMÚDEZ', NULL, 'x43157305', '7311', NULL, 15),
(95, 'KK227M5LQXVIDLMM28DLNN3MO76EO83P', 'ANA LAURA', 'SÁNCHEZ', 'FERNÁNDEZ', NULL, 'e43126590a', '7315', NULL, 15),
(96, '8a5785062af10af4012afa51b7910f22', 'ANDRES', 'SANCHEZ', 'ROMERO', NULL, 'x45537677', '7310', NULL, 15),
(97, 'F5W6JAHFN5BDVTRET3JC9283D2FZ6U6E', 'ALEJANDRO', 'SEGUÍ', 'RUBIO', NULL, 'u91985', '7311', NULL, 15),
(98, '9425F633E33ED472E040D70A590548FB', 'BARTOMEU', 'SEGURA', 'DURAN', NULL, 'e43053293f', '7315', NULL, 15),
(99, 'IYRWUJR6LO3Z4MQU72Q5338ZBM5EA4MX', 'ANTONIO', 'SERNA', 'ROSSELLO', NULL, 'x43065877', '7315', NULL, 15),
(100, '9425F6359ADDD472E040D70A590548FB', 'MARGALIDA', 'SERRA', 'SITJAR', NULL, 'x41516232', '7311', NULL, 15),
(101, '944BA534C83FE45FE040D70A59055935', 'PERE RAMON', 'SERVERA', 'GAYA', NULL, 'x43227840', '7314', NULL, 15),
(102, 'B91203086F048E84E040D70A5905310A', 'MIGUEL', 'TABERNER', 'SALAS', NULL, 'x43137184', '7315', NULL, 15),
(103, '9425F636083ED472E040D70A590548FB', 'MARGALIDA', 'TAURA', 'POL', NULL, 'x43068126', '7312', NULL, 15),
(104, 'BA167CF42051F6A7E040D70A590563A4', 'ABDON', 'TOBARIAS', 'RUIZ', NULL, 'e43179309y', '7310', NULL, 15),
(105, '9487DEAEAD2419D1E040D70A59052593', 'AIXA', 'TOBARUELA', 'ARBONA', NULL, 'x43117114', '7311', NULL, 15),
(106, '944BA5381316E45FE040D70A59055935', 'JUANA MARÍA', 'TOMÁS', 'ROCA', NULL, 'x43042184', '7313', NULL, 15),
(107, '944BA535DADBE45FE040D70A59055935', 'SORAYA', 'TORRES', 'SOUTO', NULL, 'x41541909', '7314', NULL, 15),
(108, '9425F63529CED472E040D70A590548FB', 'MARIA ESPERANZA', 'TOUS', 'PASCUAL', NULL, 'x18227794', '7311', NULL, 15),
(109, '2D2F728AEE9AE0F8130C44789A09B3FE', 'ANTONIA AMPARO', 'TOUS', 'VELÁZQUEZ', NULL, 'e18226178n', '7314', NULL, 15),
(110, '9425F633F56AD472E040D70A590548FB', 'JUAN', 'VALLESPIR', 'FERRAGUT', NULL, 'x43046780', '7310', NULL, 15),
(111, '944BA535388BE45FE040D70A59055935', 'MIGUEL', 'VALLORI', 'MARTORELL', NULL, 'x78217768', '7311', NULL, 15),
(112, '9487DEAEF93519D1E040D70A59052593', 'MARIA NIEVES', 'VENTAYOL', 'GASTALVER', NULL, 'x43129254', '7314', NULL, 15),
(113, '944BA5375E29E45FE040D70A59055935', 'MARIA', 'VILLALONGA', 'ROTGER', NULL, 'x43144240', '7311', NULL, 15),
(114, '944BA5352C81E45FE040D70A59055935', 'ANTONI-MANUEL', 'VIVES', 'HUMBERT', NULL, 'x41616199', '7311', NULL, 15),
(115, '9425F6355326D472E040D70A590548FB', 'SARA', 'VIVES', 'RIQUELME', NULL, 'x43210082', '7311', NULL, 15),
(116, '9487DEAEF90D19D1E040D70A59052593', 'ELENA', 'YAGO', 'GARCÍA', NULL, 'x43149202', '7314', NULL, 15);

-- --------------------------------------------------------

--
-- Estructura de tabla para la tabla `revisions`
--

CREATE TABLE `revisions` (
  `id_rev` int(11) NOT NULL,
  `marcatge` varchar(30) DEFAULT NULL,
  `data_rev` date NOT NULL,
  `hora_rev` time NOT NULL,
  `email` varchar(100) NOT NULL,
  `id_aula` int(11) DEFAULT NULL,
  `aula` varchar(30) DEFAULT NULL,
  `estat` varchar(30) NOT NULL,
  `comentaris` varchar(300) NOT NULL
) ENGINE=InnoDB DEFAULT CHARSET=utf8mb4 COLLATE=utf8mb4_general_ci;

--
-- Volcado de datos para la tabla `revisions`
--

INSERT INTO `revisions` (`id_rev`, `marcatge`, `data_rev`, `hora_rev`, `email`, `id_aula`, `aula`, `estat`, `comentaris`) VALUES
(1, NULL, '2024-03-18', '19:33:15', 'rgion@cifpfbmoll.eu', NULL, 'C401 CIBER', 'OK', 'Actualment dos alumnes utitzen ordinadors. 24 ordinadors en total '),
(2, NULL, '2024-03-18', '21:12:24', 'jbarcelo@cifpfbmoll.eu', 133709, 'A105', 'INCIDÈNCIA DETECTADA', 'Els ordinadors que tenen els alumnes i el full d\'assignació no coincideixen. Tampoc coincideixen els alumens que hi ha a classe amb els alumnes que hi ha al full d\'assignació perquè es tracta d\'un grup d\'intensiva on els alumnes van canviant.'),
(3, NULL, '2024-03-19', '15:33:56', 'jbarcelo@cifpfbmoll.eu', 133709, 'A105', 'INCIDÈNCIA DETECTADA', 'Hi ha 6 ordinadors a l\'armariet. Falten els ordinadors d\'en Luis i en Juan Ángel.'),
(4, NULL, '2024-03-19', '17:13:35', 'mbujosa@cifpfbmoll.eu', 133721, 'A200', 'OK', ''),
(5, NULL, '2024-03-19', '21:15:29', 'mfernandez@cifpfbmoll.eu', 133709, 'A105', 'OK', ''),
(6, NULL, '2024-03-19', '21:19:55', 'jmota@cifpfbmoll.eu', 133718, 'A000', 'OK', ''),
(7, NULL, '2024-03-20', '11:13:49', 'cnoguera@cifpfbmoll.eu', 133747, 'C401', 'OK', ''),
(8, NULL, '2024-03-20', '12:48:13', 'aamengual@cifpfbmoll.eu', 133747, 'C401', 'OK', ''),
(9, NULL, '2024-03-20', '18:18:40', 'nburguerag@cifpfbmoll.eu', 133709, 'A105', 'OK', ''),
(10, NULL, '2024-03-20', '20:34:34', 'mbujosa@cifpfbmoll.eu', 133720, 'A107', 'OK', ''),
(11, NULL, '2024-03-20', '21:04:51', 'jbarcelo@cifpfbmoll.eu', 133721, 'A200', 'INCIDÈNCIA DETECTADA', 'Hi ha un caos perquè els alumnes canvien cada dia i no es corresponen a la llista d\'assignació. Ara mateix hi ha 8 portàtils al carretó, però no hi ha els alumnes als quals estan assignats perquè qualcuns alumnes han anat a l\'A105.'),
(12, NULL, '2024-03-21', '14:05:27', 'alsanchez@cifpfbmoll.eu', 133747, 'C401', 'OK', ''),
(13, NULL, '2024-03-21', '18:55:40', 'restarellasmatas@cifpfbmoll.eu', 133709, 'A105', 'OK', ''),
(14, NULL, '2024-03-21', '20:55:33', 'mbujosa@cifpfbmoll.eu', 133708, 'A208', 'OK', ''),
(15, NULL, '2024-03-21', '21:26:00', 'restarellasmatas@cifpfbmoll.eu', 133721, 'A200', 'OK', ''),
(16, NULL, '2024-03-22', '14:25:43', 'afonolleres@cifpfbmoll.eu', 133747, 'C401', 'OK', ''),
(17, NULL, '2024-03-22', '15:29:35', 'jbarcelo@cifpfbmoll.eu', 133709, 'A105', 'OK', '3 màquines. Igual com al full d\'assignació.'),
(18, NULL, '2024-03-22', '18:03:28', 'jbarcelo@cifpfbmoll.eu', 133709, 'A105', 'OK', '3 ordinadors'),
(19, NULL, '2024-03-22', '18:07:37', 'mtaberner@cifpfbmoll.eu', 133720, 'A107', 'OK', ''),
(20, NULL, '2024-03-22', '21:01:44', 'jbarcelo@cifpfbmoll.eu', 133721, 'A200', 'OK', '7 ordinadors.'),
(21, NULL, '2024-03-25', '08:36:10', 'cnoguera@cifpfbmoll.eu', 133747, 'C401', 'OK', ''),
(22, NULL, '2024-03-25', '14:20:45', 'afonolleres@cifpfbmoll.eu', 133747, 'C401', 'OK', ''),
(23, NULL, '2024-03-25', '15:25:19', 'tribot@cifpfbmoll.eu', 133709, 'A105', 'OK', '15:30h Sin novedad en el frente.'),
(24, NULL, '2024-03-25', '18:14:22', 'nburguerag@cifpfbmoll.eu', 133720, 'A107', 'OK', ''),
(25, NULL, '2024-03-25', '18:16:55', 'tribot@cifpfbmoll.eu', 133753, 'C300', 'OK', 'Ordinador Pablo OK.'),
(26, NULL, '2024-03-25', '18:21:49', 'mfernandez@cifpfbmoll.eu', 133709, 'A105', 'OK', ''),
(27, NULL, '2024-03-25', '21:21:28', 'mfernandez@cifpfbmoll.eu', 133721, 'A200', 'OK', ''),
(28, NULL, '2024-03-26', '08:32:52', 'cnoguera@cifpfbmoll.eu', 133747, 'C401', 'OK', ''),
(29, NULL, '2024-03-26', '14:31:38', 'afonolleres@cifpfbmoll.eu', 133747, 'C401', 'OK', ''),
(30, NULL, '2024-03-26', '15:24:40', 'jbarcelo@cifpfbmoll.eu', 133709, 'A105', 'OK', '3 ordinadors'),
(31, NULL, '2024-03-26', '18:03:28', 'apascual@cifpfbmoll.eu', 133753, 'C300', 'OK', ''),
(32, NULL, '2024-03-26', '18:11:14', 'nburguerag@cifpfbmoll.eu', 133709, 'A105', 'OK', ''),
(33, NULL, '2024-03-26', '20:07:08', 'restarellasmatas@cifpfbmoll.eu', 133708, 'A208', 'OK', ''),
(34, NULL, '2024-04-08', '08:34:35', 'cnoguera@cifpfbmoll.eu', 133747, 'C401', 'OK', ''),
(35, NULL, '2024-04-08', '10:27:21', 'agarciag@cifpfbmoll.eu', 133751, 'C402', 'OK', ''),
(36, NULL, '2024-04-08', '14:19:34', 'afonolleres@cifpfbmoll.eu', 133747, 'C401', 'OK', ''),
(37, NULL, '2024-04-08', '18:14:05', 'nburguerag@cifpfbmoll.eu', 133720, 'A107', 'OK', ''),
(38, NULL, '2024-04-08', '18:20:53', 'mfernandez@cifpfbmoll.eu', 133709, 'A105', 'OK', ''),
(39, NULL, '2024-04-08', '21:26:10', 'mfernandez@cifpfbmoll.eu', 133721, 'A200', 'INCIDÈNCIA DETECTADA', 'No he pogut tancar el carretó amb la clau.'),
(40, NULL, '2024-04-09', '08:34:08', 'cnoguera@cifpfbmoll.eu', 133747, 'C401', 'OK', ''),
(41, NULL, '2024-04-09', '14:36:54', 'afonolleres@cifpfbmoll.eu', 133747, 'C401', 'OK', ''),
(42, NULL, '2024-04-09', '20:43:26', 'restarellasmatas@cifpfbmoll.eu', 133708, 'A208', 'OK', ''),
(43, NULL, '2024-04-09', '21:03:19', 'tserna@cifpfbmoll.eu', 133721, 'A200', 'OK', 'Deixo l\'equip hyperion07 al departament perquè acabi una operació de copia d\'arxius grans. Demà (dia 10) tornarà al carretó '),
(44, NULL, '2024-04-09', '21:13:12', 'jmota@cifpfbmoll.eu', 133718, 'A000', 'OK', ''),
(45, NULL, '2024-04-09', '21:20:34', 'rgion@cifpfbmoll.eu', NULL, 'C401 CIBER', 'OK', ''),
(46, NULL, '2024-04-10', '08:37:00', 'cnoguera@cifpfbmoll.eu', 133747, 'C401', 'OK', '');

-- --------------------------------------------------------

--
-- Estructura de tabla para la tabla `revisionsafer`
--

CREATE TABLE `revisionsafer` (
  `id_revafer` int(11) NOT NULL,
  `id_prof` int(11) NOT NULL,
  `id_car` int(11) NOT NULL,
  `tipusrevisio` varchar(30) NOT NULL,
  `dia` varchar(30) NOT NULL
) ENGINE=InnoDB DEFAULT CHARSET=utf8mb4 COLLATE=utf8mb4_general_ci;

--
-- Volcado de datos para la tabla `revisionsafer`
--

INSERT INTO `revisionsafer` (`id_revafer`, `id_prof`, `id_car`, `tipusrevisio`, `dia`) VALUES
(1, 1, 1, 'OBLIGATORIA', 'DILLUNS');

--
-- Índices para tablas volcadas
--

--
-- Indices de la tabla `aules`
--
ALTER TABLE `aules`
  ADD PRIMARY KEY (`id_aula`);

--
-- Indices de la tabla `carretons`
--
ALTER TABLE `carretons`
  ADD PRIMARY KEY (`id_car`),
  ADD KEY `id_aula` (`id_aula`);

--
-- Indices de la tabla `cicles`
--
ALTER TABLE `cicles`
  ADD PRIMARY KEY (`id_cicle`);

--
-- Indices de la tabla `departaments`
--
ALTER TABLE `departaments`
  ADD PRIMARY KEY (`id_dept`);

--
-- Indices de la tabla `grups`
--
ALTER TABLE `grups`
  ADD PRIMARY KEY (`id_grup`);

--
-- Indices de la tabla `horaris`
--
ALTER TABLE `horaris`
  ADD PRIMARY KEY (`id_hor`);

--
-- Indices de la tabla `professorat`
--
ALTER TABLE `professorat`
  ADD PRIMARY KEY (`id_prof`);

--
-- Indices de la tabla `revisions`
--
ALTER TABLE `revisions`
  ADD PRIMARY KEY (`id_rev`);

--
-- Indices de la tabla `revisionsafer`
--
ALTER TABLE `revisionsafer`
  ADD PRIMARY KEY (`id_revafer`),
  ADD KEY `id_prof` (`id_prof`),
  ADD KEY `id_car` (`id_car`);

--
-- AUTO_INCREMENT de las tablas volcadas
--

--
-- AUTO_INCREMENT de la tabla `aules`
--
ALTER TABLE `aules`
  MODIFY `id_aula` int(11) NOT NULL AUTO_INCREMENT, AUTO_INCREMENT=80;

--
-- AUTO_INCREMENT de la tabla `carretons`
--
ALTER TABLE `carretons`
  MODIFY `id_car` int(11) NOT NULL AUTO_INCREMENT, AUTO_INCREMENT=12;

--
-- AUTO_INCREMENT de la tabla `cicles`
--
ALTER TABLE `cicles`
  MODIFY `id_cicle` int(11) NOT NULL AUTO_INCREMENT, AUTO_INCREMENT=18;

--
-- AUTO_INCREMENT de la tabla `departaments`
--
ALTER TABLE `departaments`
  MODIFY `id_dept` int(11) NOT NULL AUTO_INCREMENT, AUTO_INCREMENT=7;

--
-- AUTO_INCREMENT de la tabla `grups`
--
ALTER TABLE `grups`
  MODIFY `id_grup` int(11) NOT NULL AUTO_INCREMENT, AUTO_INCREMENT=23;

--
-- AUTO_INCREMENT de la tabla `horaris`
--
ALTER TABLE `horaris`
  MODIFY `id_hor` int(11) NOT NULL AUTO_INCREMENT, AUTO_INCREMENT=1409;

--
-- AUTO_INCREMENT de la tabla `professorat`
--
ALTER TABLE `professorat`
  MODIFY `id_prof` int(11) NOT NULL AUTO_INCREMENT, AUTO_INCREMENT=117;

--
-- AUTO_INCREMENT de la tabla `revisions`
--
ALTER TABLE `revisions`
  MODIFY `id_rev` int(11) NOT NULL AUTO_INCREMENT, AUTO_INCREMENT=47;

--
-- AUTO_INCREMENT de la tabla `revisionsafer`
--
ALTER TABLE `revisionsafer`
  MODIFY `id_revafer` int(11) NOT NULL AUTO_INCREMENT, AUTO_INCREMENT=2;
COMMIT;

/*!40101 SET CHARACTER_SET_CLIENT=@OLD_CHARACTER_SET_CLIENT */;
/*!40101 SET CHARACTER_SET_RESULTS=@OLD_CHARACTER_SET_RESULTS */;
/*!40101 SET COLLATION_CONNECTION=@OLD_COLLATION_CONNECTION */;
