CREATE DATABASE  IF NOT EXISTS `cherlock` /*!40100 DEFAULT CHARACTER SET utf8mb4 COLLATE utf8mb4_general_ci */;
USE `cherlock`;
-- MySQL dump 10.13  Distrib 8.0.32, for Win64 (x86_64)
--
-- Host: localhost    Database: cherlock
-- ------------------------------------------------------
-- Server version	5.5.5-10.7.8-MariaDB-1:10.7.8+maria~ubu2004

/*!40101 SET @OLD_CHARACTER_SET_CLIENT=@@CHARACTER_SET_CLIENT */;
/*!40101 SET @OLD_CHARACTER_SET_RESULTS=@@CHARACTER_SET_RESULTS */;
/*!40101 SET @OLD_COLLATION_CONNECTION=@@COLLATION_CONNECTION */;
/*!50503 SET NAMES utf8 */;
/*!40103 SET @OLD_TIME_ZONE=@@TIME_ZONE */;
/*!40103 SET TIME_ZONE='+00:00' */;
/*!40014 SET @OLD_UNIQUE_CHECKS=@@UNIQUE_CHECKS, UNIQUE_CHECKS=0 */;
/*!40014 SET @OLD_FOREIGN_KEY_CHECKS=@@FOREIGN_KEY_CHECKS, FOREIGN_KEY_CHECKS=0 */;
/*!40101 SET @OLD_SQL_MODE=@@SQL_MODE, SQL_MODE='NO_AUTO_VALUE_ON_ZERO' */;
/*!40111 SET @OLD_SQL_NOTES=@@SQL_NOTES, SQL_NOTES=0 */;

--
-- Table structure for table `aules`
--

DROP TABLE IF EXISTS `aules`;
/*!40101 SET @saved_cs_client     = @@character_set_client */;
/*!50503 SET character_set_client = utf8mb4 */;
CREATE TABLE `aules` (
  `id_aula` int(11) NOT NULL AUTO_INCREMENT,
  `codi` int(11) DEFAULT 0,
  `nom` varchar(30) NOT NULL,
  `bloc` varchar(30) NOT NULL,
  `pis` int(11) NOT NULL DEFAULT 0,
  PRIMARY KEY (`id_aula`)
) ENGINE=InnoDB AUTO_INCREMENT=80 DEFAULT CHARSET=utf8mb4 COLLATE=utf8mb4_general_ci;
/*!40101 SET character_set_client = @saved_cs_client */;

--
-- Dumping data for table `aules`
--

LOCK TABLES `aules` WRITE;
/*!40000 ALTER TABLE `aules` DISABLE KEYS */;
INSERT INTO `aules` VALUES (1,133718,'A000','A',0),(2,133712,'A100','A',0),(3,133721,'A200','A',0),(4,133731,'B000','B',0),(5,133736,'B100','B',0),(6,133741,'C100','C',0),(7,133746,'C400','C',0),(8,133724,'A101','A',1),(9,133722,'A111','A',1),(10,133706,'A201','A',0),(11,133732,'B001','B',0),(12,133737,'B101','C',1),(13,133742,'C101','C',0),(14,133743,'C201','C',0),(15,133745,'C301','C',0),(16,133747,'C401','C',0),(17,133710,'A202','A',2),(18,133733,'B002','B',0),(19,133738,'B102','B',1),(20,133744,'C202','C',0),(21,133751,'C402','C',0),(22,133702,'A203','A',2),(23,133734,'B003','B',0),(24,133716,'A104','A',1),(25,133707,'A204','A',0),(26,133735,'B004','B',0),(27,133739,'B104','B',1),(28,133709,'A105','A',1),(29,133740,'B105','B',1),(30,133713,'A206','A',2),(31,133720,'A107','A',1),(32,133708,'A208','A',2),(33,133700,'A109','A',1),(34,133723,'A209','A',2),(35,133703,'A210','A',2),(36,133748,'C110','C',1),(37,133749,'C210','C',1),(38,133750,'C310','C',1),(39,133752,'C410','C',1),(40,133701,'A112','A',1),(41,133725,'A212','A',2),(42,133714,'A113','A',1),(43,133705,'A114','A',1),(44,58910,'A001 (Secretaria)','A',0),(45,58810,'A002 (DIRECCIÓ - CAPORALIA)','A',0),(46,58790,'A003 (Sala professorat)','A',0),(47,58990,'A006 Biblioteca','A',0),(49,59010,'A008','A',0),(50,57850,'A013 (Departament de comerç)','A',0),(51,133729,'A015','A',0),(52,40950,'A016 (Sala de juntes)','A',0),(53,40951,'A017 (Sala de reunions I)','A',0),(54,40970,'A018 (Sala de reunions II)','A',0),(55,57870,'A019 (DIOP/Departament de FOL)','A',0),(56,133728,'A207','A',0),(58,65075,'B103','A',1),(60,59050,'C000 (consergeria exterior)','A',0),(61,133753,'C300','A',0);
/*!40000 ALTER TABLE `aules` ENABLE KEYS */;
UNLOCK TABLES;

--
-- Table structure for table `carretons`
--

DROP TABLE IF EXISTS `carretons`;
/*!40101 SET @saved_cs_client     = @@character_set_client */;
/*!50503 SET character_set_client = utf8mb4 */;
CREATE TABLE `carretons` (
  `id_car` int(11) NOT NULL AUTO_INCREMENT,
  `nom` varchar(30) NOT NULL,
  `codi_aula` int(11) NOT NULL,
  `id_aula` int(11) NOT NULL,
  `estat` varchar(30) NOT NULL,
  `num_ord` int(11) NOT NULL DEFAULT 0,
  PRIMARY KEY (`id_car`),
  KEY `id_aula` (`id_aula`)
) ENGINE=InnoDB AUTO_INCREMENT=12 DEFAULT CHARSET=utf8mb4 COLLATE=utf8mb4_general_ci;
/*!40101 SET character_set_client = @saved_cs_client */;

--
-- Dumping data for table `carretons`
--

LOCK TABLES `carretons` WRITE;
/*!40000 ALTER TABLE `carretons` DISABLE KEYS */;
INSERT INTO `carretons` VALUES (1,'ARMSATURN04',133718,1,'OK',3),(2,'ARMSATURN03',133718,1,'OK',3),(3,'ARMSATURN01',133709,28,'OK',3),(4,'ARMTERRA02',133720,31,'OK',6),(5,'ARMSATURN02',133721,3,'OK',7),(6,'ARMSATURN03',133708,32,'OK',2),(7,'ARMJUPITER02',133723,34,'OK',19),(8,'ARMURA03',133753,61,'OK',1),(9,'ARMPLUTO01',133747,16,'OK',17),(10,'ARMMURA02',133747,16,'OK',21),(11,'ARMURA01',133751,21,'OK',22);
/*!40000 ALTER TABLE `carretons` ENABLE KEYS */;
UNLOCK TABLES;

--
-- Table structure for table `cicles`
--

DROP TABLE IF EXISTS `cicles`;
/*!40101 SET @saved_cs_client     = @@character_set_client */;
/*!50503 SET character_set_client = utf8mb4 */;
CREATE TABLE `cicles` (
  `id_cicle` int(11) NOT NULL AUTO_INCREMENT,
  `codi` int(11) NOT NULL DEFAULT 0,
  `nom` varchar(30) NOT NULL,
  `descripcio` varchar(100) DEFAULT NULL,
  `ensenyament` varchar(100) DEFAULT NULL,
  PRIMARY KEY (`id_cicle`)
) ENGINE=InnoDB AUTO_INCREMENT=18 DEFAULT CHARSET=utf8mb4 COLLATE=utf8mb4_general_ci;
/*!40101 SET character_set_client = @saved_cs_client */;

--
-- Dumping data for table `cicles`
--

LOCK TABLES `cicles` WRITE;
/*!40000 ALTER TABLE `cicles` DISABLE KEYS */;
INSERT INTO `cicles` VALUES (1,341,'IFC11','Títol professional bàsic en Informàtica i comunicacions','Formació Professional de Grau Bàsic'),(2,1066,'IFC32','Tècnic superior en Desenvolupament d\'aplicacions multiplataforma','Grau Superior'),(3,1072,'IFC33','Tècnic superior en Desenvolupament d\'aplicacions Web','Grau Superior'),(4,1160,'Ciberseguretat','Ciberseguretat i entorns de la tecnologia de la informació','Curs d\'especialització'),(5,7837,'IFC21','Tècnic en Sistemes microinformàtics i xarxes','Grau Mitjà'),(17,7051,'IFC31','Tècnic superior en Administració de sistemes informàtics en xarxa','Grau Superior');
/*!40000 ALTER TABLE `cicles` ENABLE KEYS */;
UNLOCK TABLES;

--
-- Table structure for table `departaments`
--

DROP TABLE IF EXISTS `departaments`;
/*!40101 SET @saved_cs_client     = @@character_set_client */;
/*!50503 SET character_set_client = utf8mb4 */;
CREATE TABLE `departaments` (
  `id_dept` int(11) NOT NULL AUTO_INCREMENT,
  `codi` int(11) NOT NULL,
  `nom` varchar(50) NOT NULL,
  `email` varchar(100) DEFAULT NULL,
  PRIMARY KEY (`id_dept`)
) ENGINE=InnoDB AUTO_INCREMENT=7 DEFAULT CHARSET=utf8mb4 COLLATE=utf8mb4_general_ci;
/*!40101 SET character_set_client = @saved_cs_client */;

--
-- Dumping data for table `departaments`
--

LOCK TABLES `departaments` WRITE;
/*!40000 ALTER TABLE `departaments` DISABLE KEYS */;
INSERT INTO `departaments` VALUES (1,7314,'Comerç i màrqueting (F.P.)','comercimarqueting@cifpfbmoll.eu'),(2,7313,'Formació i orientació laboral','fol@cifpfbmoll.eu'),(3,7312,'Imatge personal (F.P.)','imatgepersonal@cifpfbmoll.eu'),(4,7315,'Informàtica i comunicacions (F.P.)','dept.informatica@cifpfbmoll.eu'),(5,7310,'Orientació','orientacio@cifpfbmoll.eu'),(6,7311,'Sanitat (F.P.)','sanitat@cifpfbmoll.eu');
/*!40000 ALTER TABLE `departaments` ENABLE KEYS */;
UNLOCK TABLES;

--
-- Table structure for table `grups`
--

DROP TABLE IF EXISTS `grups`;
/*!40101 SET @saved_cs_client     = @@character_set_client */;
/*!50503 SET character_set_client = utf8mb4 */;
CREATE TABLE `grups` (
  `id_grup` int(11) NOT NULL AUTO_INCREMENT,
  `codi` int(11) DEFAULT NULL,
  `curs` varchar(30) NOT NULL,
  `id_cicle` varchar(10) NOT NULL,
  `nom` varchar(30) NOT NULL,
  `id_tutor` varchar(50) NOT NULL,
  `id_tutor2` varchar(50) NOT NULL,
  `estat` tinyint(4) DEFAULT 1,
  `aula` int(11) DEFAULT 0,
  PRIMARY KEY (`id_grup`)
) ENGINE=InnoDB AUTO_INCREMENT=23 DEFAULT CHARSET=utf8mb4 COLLATE=utf8mb4_general_ci;
/*!40101 SET character_set_client = @saved_cs_client */;

--
-- Dumping data for table `grups`
--

LOCK TABLES `grups` WRITE;
/*!40000 ALTER TABLE `grups` DISABLE KEYS */;
INSERT INTO `grups` VALUES (1,598350,'A','341','IFC11A','EAPQLOSOQ2ODNUNDP34J4O91I6PMKU4D','',1,133742),(2,598351,'B','341','IFC11B','2E5310CFDF700B12E050D70A59056A4C','2E5310CFDF700B12E050D70A59056A4C',1,133718),(3,598385,'A','1066','IFC32A','9487DEAF0AC119D1E040D70A59052593','',1,133708),(4,598386,'B','1066','IFC32B','9425F635D072D472E040D70A590548FB','9425F635D072D472E040D70A590548FB',0,133743),(5,600235,'C','1066','IFC32C','9425F635D072D472E040D70A590548FB','',0,NULL),(6,598381,'A','1072','IFC33A','944BA534FC1FE45FE040D70A59055935','',1,133721),(7,598382,'B','1072','IFC33B','944BA53600BAE45FE040D70A59055935','944BA53600BAE45FE040D70A59055935',0,133751),(8,599913,'C','1072','IFC33C','944BA53600BAE45FE040D70A59055935','',0,NULL),(9,598383,'W','1072','IFC33W','2E5310CFE21F0B12E050D70A59056A4C','',1,133709),(10,598384,'X','1072','IFC33X','944BA535721EE45FE040D70A59055935','',1,133707),(11,598326,'A','1160','CiberseguretatA','944BA535A3B4E45FE040D70A59055935','944BA535A3B4E45FE040D70A59055935',1,133747),(12,598371,'A','7051','IFC31A','ATEBPTYCH3I39DVQ87KC53A9C62JJED2','',1,133713),(13,598372,'B','7051','IFC31B','9425F633E33ED472E040D70A590548FB','9425F633E33ED472E040D70A590548FB',0,133723),(14,600230,'C','7051','IFC31C','9425F633E33ED472E040D70A590548FB','',0,NULL),(15,599813,'D','7051','IFC31D','9425F635DA7BD472E040D70A590548FB','',0,NULL),(16,598373,'W','7051','IFC31W','B91203086F048E84E040D70A5905310A','',1,133720),(17,598374,'X','7051','IFC31X','0X00J3SL1IRQZQNFNZZ3BF2C3NLR89P0','',1,133753),(18,598368,'A','7837','IFC21A','KK227M5LQXVIDLMM28DLNN3MO76EO83P','',1,133743),(19,598369,'B','7837','IFC21B','9425F634D34AD472E040D70A590548FB','',1,133747),(20,598370,'C','7837','IFC21C','9425F635D0F0D472E040D70A590548FB','9425F635D0F0D472E040D70A590548FB',0,133751),(21,599599,'D','7837','IFC21D','9425F634D34AD472E040D70A590548FB','',0,NULL),(22,600314,'E','7837','IFC21E','9425F635D0F0D472E040D70A590548FB','',0,NULL);
/*!40000 ALTER TABLE `grups` ENABLE KEYS */;
UNLOCK TABLES;

--
-- Table structure for table `horaris`
--

DROP TABLE IF EXISTS `horaris`;
/*!40101 SET @saved_cs_client     = @@character_set_client */;
/*!50503 SET character_set_client = utf8mb4 */;
CREATE TABLE `horaris` (
  `id_hor` int(11) NOT NULL AUTO_INCREMENT,
  `id_prof` varchar(50) NOT NULL,
  `id_cicle` int(11) DEFAULT 0,
  `id_grup` int(11) DEFAULT 0,
  `id_aula` int(11) DEFAULT 0,
  `dia` int(11) DEFAULT NULL,
  `hora` time NOT NULL,
  `durada` int(11) NOT NULL DEFAULT 55,
  `realitzada` tinyint(4) NOT NULL DEFAULT 0 COMMENT '0 No 1 Si',
  `tipus` tinyint(4) NOT NULL DEFAULT 0 COMMENT '0 Voluntaria 1 Obligada',
  `email` varchar(100) DEFAULT NULL,
  PRIMARY KEY (`id_hor`)
) ENGINE=InnoDB AUTO_INCREMENT=1409 DEFAULT CHARSET=utf8mb4 COLLATE=utf8mb4_general_ci;
/*!40101 SET character_set_client = @saved_cs_client */;

--
-- Dumping data for table `horaris`
--

LOCK TABLES `horaris` WRITE;
/*!40000 ALTER TABLE `horaris` DISABLE KEYS */;
INSERT INTO `horaris` VALUES (3,'944BA534FC1FE45FE040D70A59055935',7051,598374,133753,5,'16:25:00',55,0,0,'restarellasmatas@cifpfbmoll.eu'),(4,'944BA534FC1FE45FE040D70A59055935',7051,598374,133753,5,'17:20:00',55,0,0,'restarellasmatas@cifpfbmoll.eu'),(9,'9487DEAF0AC119D1E040D70A59052593',1066,598385,133708,3,'15:30:00',55,0,0,'mmut@cifpfbmoll.eu'),(10,'9487DEAF0AC119D1E040D70A59052593',1066,598385,133708,3,'17:20:00',55,0,0,'mmut@cifpfbmoll.eu'),(11,'944BA5376E51E45FE040D70A59055935',1066,598385,133708,2,'15:30:00',55,0,0,'nburguerag@cifpfbmoll.eu'),(12,'944BA5376E51E45FE040D70A59055935',1066,598385,133708,2,'16:25:00',55,0,0,'nburguerag@cifpfbmoll.eu'),(13,'9425F633E33ED472E040D70A590548FB',1066,598385,133708,2,'18:45:00',55,0,0,'bseguraduran@cifpfbmoll.eu'),(14,'944BA5362FC9E45FE040D70A59055935',1066,598385,133708,4,'18:45:00',55,0,0,'apascual@cifpfbmoll.eu'),(15,'944BA5376E51E45FE040D70A59055935',1066,598385,133708,5,'15:30:00',55,0,0,'nburguerag@cifpfbmoll.eu'),(16,'944BA5376E51E45FE040D70A59055935',1066,598385,133708,5,'16:25:00',55,0,0,'nburguerag@cifpfbmoll.eu'),(17,'9487DEAED79119D1E040D70A59052593',1066,598385,133708,4,'19:40:00',55,0,0,'mbujosa@cifpfbmoll.eu'),(18,'9487DEAED79119D1E040D70A59052593',1066,598385,133708,4,'20:35:00',55,0,1,'mbujosa@cifpfbmoll.eu'),(19,'944BA534FC1FE45FE040D70A59055935',1066,598385,133708,2,'19:40:00',55,0,0,'restarellasmatas@cifpfbmoll.eu'),(20,'944BA538102DE45FE040D70A59055935',292,598359,133753,2,'08:30:00',55,0,0,'nburguerag@cifpfbmoll.eu'),(24,'B91203086F048E84E040D70A5905310A',7051,598373,133720,5,'17:20:00',55,0,1,'mtaberner@cifpfbmoll.eu'),(25,'B91203086F048E84E040D70A5905310A',7051,598372,133723,1,'16:25:00',55,0,0,'mtaberner@cifpfbmoll.eu'),(26,'B91203086F048E84E040D70A5905310A',7051,598372,133723,1,'17:20:00',55,0,0,'mtaberner@cifpfbmoll.eu'),(27,'B91203086F048E84E040D70A5905310A',7051,598372,133723,2,'17:20:00',55,0,0,'mtaberner@cifpfbmoll.eu'),(29,'0X00J3SL1IRQZQNFNZZ3BF2C3NLR89P0',7051,598374,133753,4,'14:30:00',60,0,0,'rgion@cifpfbmoll.eu'),(30,'9425F633E33ED472E040D70A590548FB',7051,598374,133753,2,'15:30:00',55,0,0,'bseguraduran@cifpfbmoll.eu'),(31,'0X00J3SL1IRQZQNFNZZ3BF2C3NLR89P0',7051,598374,133753,1,'16:25:00',55,0,0,'rgion@cifpfbmoll.eu'),(34,'944BA534FC1FE45FE040D70A59055935',7051,598374,133753,5,'15:30:00',55,0,0,'restarellasmatas@cifpfbmoll.eu'),(83,'944BA5381316E45FE040D70A59055935',1072,598381,133721,1,'19:40:00',55,0,0,'jtomas1@cifpfbmoll.eu'),(84,'944BA5381316E45FE040D70A59055935',1072,598381,133721,3,'18:45:00',55,0,0,'jtomas1@cifpfbmoll.eu'),(85,'2E5310CFE21F0B12E050D70A59056A4C',1072,598381,133721,4,'17:20:00',55,0,0,'mfernandez@cifpfbmoll.eu'),(86,'2E5310CFE21F0B12E050D70A59056A4C',1072,598381,133721,5,'15:30:00',55,0,0,'mfernandez@cifpfbmoll.eu'),(87,'2E5310CFE21F0B12E050D70A59056A4C',1072,598383,133709,3,'15:30:00',55,0,0,'mfernandez@cifpfbmoll.eu'),(88,'2E5310CFE21F0B12E050D70A59056A4C',1072,598383,133709,4,'15:30:00',55,0,0,'mfernandez@cifpfbmoll.eu'),(89,'HEIG3NIZ3VJYDDSR4XSOWKCCYV125XAA',1072,598382,133751,4,'19:40:00',55,0,0,'aponsgarcia@cifpfbmoll.eu'),(90,'944BA534FC1FE45FE040D70A59055935',1072,598382,133751,1,'17:20:00',55,0,0,'restarellasmatas@cifpfbmoll.eu'),(115,'9425F635A31BD472E040D70A590548FB',341,598351,133718,2,'18:45:00',55,0,0,'ccolloliver@cifpfbmoll.eu'),(116,'9425F635A31BD472E040D70A590548FB',341,598351,133718,5,'17:20:00',55,0,0,'ccolloliver@cifpfbmoll.eu'),(117,'9425F635A31BD472E040D70A590548FB',341,598351,133718,5,'18:45:00',55,0,0,'ccolloliver@cifpfbmoll.eu'),(118,'9425F633F56AD472E040D70A590548FB',341,598351,133718,5,'19:40:00',55,0,0,'jvallespirferragut@cifpfbmoll.eu'),(123,'2E5310CFDF700B12E050D70A59056A4C',341,598351,133718,1,'17:20:00',55,0,0,'jmota@cifpfbmoll.eu'),(124,'2E5310CFDF700B12E050D70A59056A4C',341,598351,133718,2,'20:35:00',55,0,1,'jmota@cifpfbmoll.eu'),(125,'2E5310CFDF700B12E050D70A59056A4C',341,598351,133718,4,'19:40:00',55,0,0,'jmota@cifpfbmoll.eu'),(132,'9425F634D34AD472E040D70A590548FB',7837,598369,133747,2,'08:30:00',55,0,0,'cnoguera@cifpfbmoll.eu'),(133,'9425F634D34AD472E040D70A590548FB',7837,598369,133747,2,'09:25:00',55,0,0,'cnoguera@cifpfbmoll.eu'),(134,'9425F634D34AD472E040D70A590548FB',7837,598369,133747,2,'10:20:00',55,0,0,'cnoguera@cifpfbmoll.eu'),(135,'9425F634D34AD472E040D70A590548FB',7837,598369,133747,3,'08:30:00',55,0,0,'cnoguera@cifpfbmoll.eu'),(136,'KK227M5LQXVIDLMM28DLNN3MO76EO83P',7837,598369,133747,1,'11:45:00',55,0,0,'alsanchez@cifpfbmoll.eu'),(137,'KK227M5LQXVIDLMM28DLNN3MO76EO83P',7837,598369,133747,5,'10:20:00',55,0,0,'alsanchez@cifpfbmoll.eu'),(138,'KK227M5LQXVIDLMM28DLNN3MO76EO83P',7837,598369,133747,5,'11:45:00',55,0,0,'alsanchez@cifpfbmoll.eu'),(139,'5WAWKTGIXXFOUEYVWIXBE4S59WEIILIZ',7837,598369,133747,1,'12:40:00',55,0,0,'afonolleres@cifpfbmoll.eu'),(140,'5WAWKTGIXXFOUEYVWIXBE4S59WEIILIZ',7837,598369,133747,2,'11:45:00',55,0,0,'afonolleres@cifpfbmoll.eu'),(141,'9425F63562C0D472E040D70A590548FB',7837,598369,133747,2,'11:45:00',55,0,0,'aamengual@cifpfbmoll.eu'),(142,'5WAWKTGIXXFOUEYVWIXBE4S59WEIILIZ',7837,598369,133747,2,'13:35:00',55,0,1,'afonolleres@cifpfbmoll.eu'),(143,'9425F634D362D472E040D70A590548FB',7837,598369,133747,3,'13:35:00',55,0,1,'aamengual@cifpfbmoll.eu'),(144,'9425F635DA7BD472E040D70A590548FB',7837,598370,133751,2,'12:40:00',55,0,0,'jlhuertagrafia@cifpfbmoll.eu'),(145,'9425F635DA7BD472E040D70A590548FB',7837,598370,133751,3,'09:25:00',55,0,0,'jlhuertagrafia@cifpfbmoll.eu'),(146,'9425F635DA7BD472E040D70A590548FB',7837,598370,133751,4,'13:35:00',55,0,0,'jlhuertagrafia@cifpfbmoll.eu'),(155,'9425F6362650D472E040D70A590548FB',1072,598383,133709,1,'15:30:00',55,0,0,'tribot@cifpfbmoll.eu'),(156,'944BA534FC1FE45FE040D70A59055935',1072,598383,133709,4,'17:20:00',55,0,1,'restarellasmatas@cifpfbmoll.eu'),(191,'ATEBPTYCH3I39DVQ87KC53A9C62JJED2',7051,598372,133723,5,'18:45:00',55,0,0,'ereal@cifpfbmoll.eu'),(194,'BA167CF41EC2F6A7E040D70A590563A4',7051,598373,133720,2,'17:20:00',55,0,1,'margarcias@cifpfbmoll.eu'),(195,'9425F635A68AD472E040D70A590548FB',7051,598373,133720,3,'17:20:00',55,0,1,'mcardonaaranda@cifpfbmoll.eu'),(196,'9425F635A68AD472E040D70A590548FB',7051,598373,133720,5,'19:40:00',55,0,0,'mcardonaaranda@cifpfbmoll.eu'),(197,'944BA5376E51E45FE040D70A59055935',7051,598373,133720,1,'15:30:00',55,0,0,'nburguerag@cifpfbmoll.eu'),(198,'9487DEAED79119D1E040D70A59052593',7051,598373,133720,3,'20:35:00',55,0,1,'mbujosa@cifpfbmoll.eu'),(199,'B91203086F048E84E040D70A5905310A',7051,598373,133720,1,'18:45:00',55,0,0,'mtaberner@cifpfbmoll.eu'),(200,'ATEBPTYCH3I39DVQ87KC53A9C62JJED2',7051,598372,133723,2,'18:45:00',55,0,0,'ereal@cifpfbmoll.eu'),(201,'944BA535A3B4E45FE040D70A59055935',7051,598372,133723,2,'20:35:00',55,0,0,'tgaya@cifpfbmoll.eu'),(209,'9425F633E33ED472E040D70A590548FB',7051,598372,133723,4,'17:20:00',55,0,0,'bseguraduran@cifpfbmoll.eu'),(211,'9487DEAED79119D1E040D70A59052593',1066,598385,133708,1,'17:20:00',55,0,0,'mbujosa@cifpfbmoll.eu'),(212,'944BA5362FC9E45FE040D70A59055935',1066,598385,133708,1,'18:45:00',55,0,0,'apascual@cifpfbmoll.eu'),(213,'9425F635D072D472E040D70A590548FB',1066,598385,133708,3,'19:40:00',55,0,0,'jramont@cifpfbmoll.eu'),(214,'9425F635D072D472E040D70A590548FB',1066,598385,133708,3,'20:35:00',55,0,1,'jramont@cifpfbmoll.eu'),(215,'9425F635D072D472E040D70A590548FB',1066,598385,133708,5,'19:40:00',55,0,0,'jramont@cifpfbmoll.eu'),(216,'9425F635D072D472E040D70A590548FB',1066,598385,133708,5,'20:35:00',55,0,1,'jramont@cifpfbmoll.eu'),(217,'944BA5362FC9E45FE040D70A59055935',1066,598385,133708,4,'17:20:00',55,0,0,'apascual@cifpfbmoll.eu'),(220,'B91203086F048E84E040D70A5905310A',7051,598372,133723,2,'16:25:00',55,0,0,'mtaberner@cifpfbmoll.eu'),(221,'9425F635DA7BD472E040D70A590548FB',7837,598370,133751,5,'12:40:00',55,0,0,'jlhuertagrafia@cifpfbmoll.eu'),(222,'9425F635D0EFD472E040D70A590548FB',7837,598370,133751,4,'09:25:00',55,0,0,'tmestre@cifpfbmoll.eu'),(223,'9425F635DA7BD472E040D70A590548FB',7837,598370,133751,4,'09:25:00',55,0,0,'jlhuertagrafia@cifpfbmoll.eu'),(224,'9425F635DA7BD472E040D70A590548FB',7837,598370,133751,5,'10:20:00',55,0,0,'jlhuertagrafia@cifpfbmoll.eu'),(225,'9425F633E33ED472E040D70A590548FB',7051,598372,133723,3,'15:30:00',55,0,0,'bseguraduran@cifpfbmoll.eu'),(226,'9425F633E33ED472E040D70A590548FB',7051,598372,133723,3,'16:25:00',55,0,0,'bseguraduran@cifpfbmoll.eu'),(227,'B91203086F048E84E040D70A5905310A',7051,598374,133753,3,'15:30:00',55,0,0,'mtaberner@cifpfbmoll.eu'),(228,'B91203086F048E84E040D70A5905310A',7051,598374,133753,3,'16:25:00',55,0,0,'mtaberner@cifpfbmoll.eu'),(229,'B91203086F048E84E040D70A5905310A',7051,598374,133753,3,'17:20:00',55,0,0,'mtaberner@cifpfbmoll.eu'),(234,'9487DEAED79119D1E040D70A59052593',1160,598326,133747,1,'16:25:00',55,0,0,'mbujosa@cifpfbmoll.eu'),(235,'9487DEAED79119D1E040D70A59052593',1160,598326,133747,2,'18:45:00',55,0,0,'mbujosa@cifpfbmoll.eu'),(236,'9487DEAED79119D1E040D70A59052593',1160,598326,133747,5,'17:20:00',55,0,0,'mbujosa@cifpfbmoll.eu'),(239,'944BA535A3B4E45FE040D70A59055935',1160,598326,133747,2,'17:20:00',55,0,0,'tgaya@cifpfbmoll.eu'),(240,'944BA535A3B4E45FE040D70A59055935',1160,598326,133747,5,'15:30:00',55,0,0,'tgaya@cifpfbmoll.eu'),(242,'0X00J3SL1IRQZQNFNZZ3BF2C3NLR89P0',1160,598326,133747,4,'15:30:00',55,0,0,'rgion@cifpfbmoll.eu'),(243,'0X00J3SL1IRQZQNFNZZ3BF2C3NLR89P0',1160,598326,133747,4,'17:20:00',55,0,0,'rgion@cifpfbmoll.eu'),(280,'5WAWKTGIXXFOUEYVWIXBE4S59WEIILIZ',7837,598369,133747,5,'12:40:00',55,0,0,'afonolleres@cifpfbmoll.eu'),(281,'5WAWKTGIXXFOUEYVWIXBE4S59WEIILIZ',7837,598369,133747,5,'13:35:00',55,0,1,'afonolleres@cifpfbmoll.eu'),(282,'9425F634D362D472E040D70A590548FB',7837,598369,133747,5,'08:30:00',55,0,0,'aamengual@cifpfbmoll.eu'),(313,'9425F634D362D472E040D70A590548FB',7837,598369,133747,4,'11:45:00',55,0,0,'aamengual@cifpfbmoll.eu'),(314,'5WAWKTGIXXFOUEYVWIXBE4S59WEIILIZ',7837,598369,133747,4,'08:30:00',55,0,0,'afonolleres@cifpfbmoll.eu'),(357,'944BA534FC1FE45FE040D70A59055935',1072,598381,133721,4,'14:30:00',60,0,0,'restarellasmatas@cifpfbmoll.eu'),(359,'9487DEAED79119D1E040D70A59052593',1072,598381,133721,4,'15:30:00',55,0,0,'mbujosa@cifpfbmoll.eu'),(360,'9487DEAED79119D1E040D70A59052593',1072,598381,133721,4,'16:25:00',55,0,0,'mbujosa@cifpfbmoll.eu'),(361,'2E5310CFE21F0B12E050D70A59056A4C',1072,598381,133721,1,'20:35:00',55,0,1,'mfernandez@cifpfbmoll.eu'),(362,'2E5310CFE21F0B12E050D70A59056A4C',1072,598381,133721,3,'16:25:00',55,0,0,'mfernandez@cifpfbmoll.eu'),(363,'2E5310CFE21F0B12E050D70A59056A4C',1072,598381,133721,3,'17:20:00',55,0,0,'mfernandez@cifpfbmoll.eu'),(369,'944BA534FC1FE45FE040D70A59055935',1072,598382,133751,3,'17:20:00',55,0,0,'restarellasmatas@cifpfbmoll.eu'),(370,'944BA534FC1FE45FE040D70A59055935',1072,598382,133751,5,'18:45:00',55,0,0,'restarellasmatas@cifpfbmoll.eu'),(371,'944BA53600BAE45FE040D70A59055935',1072,598382,133751,3,'20:35:00',55,0,0,'randion@cifpfbmoll.eu'),(372,'944BA53600BAE45FE040D70A59055935',1072,598382,133751,4,'15:30:00',55,0,0,'randion@cifpfbmoll.eu'),(373,'944BA53600BAE45FE040D70A59055935',1072,598382,133751,4,'14:30:00',60,0,0,'randion@cifpfbmoll.eu'),(382,'9487DEAF0AC119D1E040D70A59052593',1066,598385,133708,1,'19:40:00',55,0,0,'mmut@cifpfbmoll.eu'),(383,'9487DEAF0AC119D1E040D70A59052593',1066,598385,133708,1,'20:35:00',55,0,1,'mmut@cifpfbmoll.eu'),(384,'944BA535721EE45FE040D70A59055935',1066,598385,133708,4,'15:30:00',55,0,0,'bsabater@cifpfbmoll.eu'),(385,'9425F633E33ED472E040D70A590548FB',1066,598385,133708,2,'17:20:00',55,0,0,'bseguraduran@cifpfbmoll.eu'),(387,'944BA5376E51E45FE040D70A59055935',1066,598385,133708,4,'16:25:00',55,0,0,'nburguerag@cifpfbmoll.eu'),(388,'944BA535721EE45FE040D70A59055935',1066,598385,133708,5,'17:20:00',55,0,0,'bsabater@cifpfbmoll.eu'),(390,'944BA534FC1FE45FE040D70A59055935',1066,598385,133708,2,'20:35:00',55,0,1,'restarellasmatas@cifpfbmoll.eu'),(391,'944BA538102DE45FE040D70A59055935',292,598359,133753,2,'09:25:00',55,0,0,'nburguerag@cifpfbmoll.eu'),(410,'944BA5376E51E45FE040D70A59055935',7051,598373,133720,1,'16:25:00',55,0,0,'nburguerag@cifpfbmoll.eu'),(411,'944BA5376E51E45FE040D70A59055935',7051,598373,133720,4,'20:35:00',55,0,0,'nburguerag@cifpfbmoll.eu'),(412,'9487DEAED79119D1E040D70A59052593',7051,598373,133720,5,'15:30:00',55,0,0,'mbujosa@cifpfbmoll.eu'),(414,'5WAWKTGIXXFOUEYVWIXBE4S59WEIILIZ',7837,598370,133751,2,'08:30:00',55,0,0,'afonolleres@cifpfbmoll.eu'),(415,'5WAWKTGIXXFOUEYVWIXBE4S59WEIILIZ',7837,598370,133751,2,'09:25:00',55,0,0,'afonolleres@cifpfbmoll.eu'),(416,'9425F635D0F0D472E040D70A590548FB',7837,598370,133751,3,'12:40:00',55,0,0,'agarciag@cifpfbmoll.eu'),(417,'9425F635DA7BD472E040D70A590548FB',7837,598370,133751,2,'13:35:00',55,0,0,'jlhuertagrafia@cifpfbmoll.eu'),(434,'9425F635D0E1D472E040D70A590548FB',214,598367,133753,1,'10:20:00',55,0,0,'jramont@cifpfbmoll.eu'),(510,'944BA5376E51E45FE040D70A59055935',7051,598373,133720,4,'15:30:00',55,0,0,'nburguerag@cifpfbmoll.eu'),(511,'6BUU32KCGVQJ994WPJJ08HB7HG9EZXPD',7051,598373,133720,4,'15:30:00',55,0,0,'mruizrivera@cifpfbmoll.eu'),(512,'944BA5376E51E45FE040D70A59055935',7051,598373,133720,2,'18:45:00',55,0,0,'nburguerag@cifpfbmoll.eu'),(513,'9425F635A68AD472E040D70A590548FB',7051,598373,133720,3,'16:25:00',55,0,0,'mcardonaaranda@cifpfbmoll.eu'),(514,'9487DEAED79119D1E040D70A59052593',7051,598373,133720,3,'19:40:00',55,0,0,'mbujosa@cifpfbmoll.eu'),(515,'9425F635A68AD472E040D70A590548FB',7051,598373,133720,2,'15:30:00',55,0,0,'mcardonaaranda@cifpfbmoll.eu'),(516,'ATEBPTYCH3I39DVQ87KC53A9C62JJED2',7051,598372,133723,1,'15:30:00',55,0,0,'ereal@cifpfbmoll.eu'),(517,'944BA535A3B4E45FE040D70A59055935',7051,598372,133723,1,'19:40:00',55,0,0,'tgaya@cifpfbmoll.eu'),(518,'944BA535A3B4E45FE040D70A59055935',7051,598372,133723,3,'17:20:00',55,0,0,'tgaya@cifpfbmoll.eu'),(519,'944BA535A3B4E45FE040D70A59055935',7051,598372,133723,3,'18:45:00',55,0,0,'tgaya@cifpfbmoll.eu'),(520,'0X00J3SL1IRQZQNFNZZ3BF2C3NLR89P0',7051,598372,133723,5,'15:30:00',55,0,0,'rgion@cifpfbmoll.eu'),(521,'0X00J3SL1IRQZQNFNZZ3BF2C3NLR89P0',7051,598372,133723,3,'19:40:00',55,0,0,'rgion@cifpfbmoll.eu'),(524,'0X00J3SL1IRQZQNFNZZ3BF2C3NLR89P0',7051,598374,133753,1,'15:30:00',55,0,0,'rgion@cifpfbmoll.eu'),(527,'0X00J3SL1IRQZQNFNZZ3BF2C3NLR89P0',1160,598326,133747,1,'17:20:00',55,0,0,'rgion@cifpfbmoll.eu'),(528,'HEIG3NIZ3VJYDDSR4XSOWKCCYV125XAA',1160,598326,133747,5,'20:35:00',55,0,0,'aponsgarcia@cifpfbmoll.eu'),(529,'944BA535A3B4E45FE040D70A59055935',1160,598326,133747,4,'14:30:00',60,0,0,'tgaya@cifpfbmoll.eu'),(530,'IYRWUJR6LO3Z4MQU72Q5338ZBM5EA4MX',1160,598326,133747,3,'16:25:00',55,0,0,'tserna@cifpfbmoll.eu'),(532,'IYRWUJR6LO3Z4MQU72Q5338ZBM5EA4MX',1160,598326,133747,4,'18:45:00',55,0,0,'tserna@cifpfbmoll.eu'),(533,'944BA535A3B4E45FE040D70A59055935',1160,598326,133747,3,'19:40:00',55,0,0,'tgaya@cifpfbmoll.eu'),(534,'944BA535A3B4E45FE040D70A59055935',1160,598326,133747,3,'20:35:00',55,0,0,'tgaya@cifpfbmoll.eu'),(535,'944BA535A3B4E45FE040D70A59055935',1160,598326,133747,5,'16:25:00',55,0,0,'tgaya@cifpfbmoll.eu'),(536,'0X00J3SL1IRQZQNFNZZ3BF2C3NLR89P0',1160,598326,133747,4,'16:25:00',55,0,0,'rgion@cifpfbmoll.eu'),(539,'944BA534FC1FE45FE040D70A59055935',1066,598385,133708,1,'16:25:00',55,0,0,'restarellasmatas@cifpfbmoll.eu'),(540,'944BA534FC1FE45FE040D70A59055935',1072,598381,133721,4,'19:40:00',55,0,0,'restarellasmatas@cifpfbmoll.eu'),(541,'944BA534FC1FE45FE040D70A59055935',1072,598381,133721,4,'20:35:00',55,0,1,'restarellasmatas@cifpfbmoll.eu'),(542,'944BA5381316E45FE040D70A59055935',1072,598381,133721,1,'18:45:00',55,0,0,'jtomas1@cifpfbmoll.eu'),(543,'2E5310CFE21F0B12E050D70A59056A4C',1072,598381,133721,4,'18:45:00',55,0,0,'mfernandez@cifpfbmoll.eu'),(544,'944BA534FC1FE45FE040D70A59055935',1072,598383,133709,4,'18:45:00',55,0,0,'restarellasmatas@cifpfbmoll.eu'),(545,'944BA5376E51E45FE040D70A59055935',1072,598383,133709,5,'18:45:00',55,0,0,'nburguerag@cifpfbmoll.eu'),(546,'HEIG3NIZ3VJYDDSR4XSOWKCCYV125XAA',1072,598382,133751,1,'15:30:00',55,0,0,'aponsgarcia@cifpfbmoll.eu'),(547,'HEIG3NIZ3VJYDDSR4XSOWKCCYV125XAA',1072,598382,133751,2,'15:30:00',55,0,0,'aponsgarcia@cifpfbmoll.eu'),(548,'HEIG3NIZ3VJYDDSR4XSOWKCCYV125XAA',1072,598382,133751,2,'16:25:00',55,0,0,'aponsgarcia@cifpfbmoll.eu'),(549,'HEIG3NIZ3VJYDDSR4XSOWKCCYV125XAA',1072,598382,133751,1,'16:25:00',55,0,0,'aponsgarcia@cifpfbmoll.eu'),(550,'HEIG3NIZ3VJYDDSR4XSOWKCCYV125XAA',1072,598382,133751,3,'15:30:00',55,0,0,'aponsgarcia@cifpfbmoll.eu'),(551,'HEIG3NIZ3VJYDDSR4XSOWKCCYV125XAA',1072,598382,133751,5,'17:20:00',55,0,0,'aponsgarcia@cifpfbmoll.eu'),(552,'HEIG3NIZ3VJYDDSR4XSOWKCCYV125XAA',1072,598382,133751,5,'16:25:00',55,0,0,'aponsgarcia@cifpfbmoll.eu'),(553,'944BA534FC1FE45FE040D70A59055935',1072,598382,133751,1,'18:45:00',55,0,0,'restarellasmatas@cifpfbmoll.eu'),(574,'9425F633F56AD472E040D70A590548FB',341,598351,133718,2,'15:30:00',55,0,0,'jvallespirferragut@cifpfbmoll.eu'),(575,'9425F633F56AD472E040D70A590548FB',341,598351,133718,3,'18:45:00',55,0,0,'jvallespirferragut@cifpfbmoll.eu'),(576,'2E5310CFDF700B12E050D70A59056A4C',341,598351,133718,1,'15:30:00',55,0,0,'jmota@cifpfbmoll.eu'),(589,'9425F634D34AD472E040D70A590548FB',7837,598369,133747,1,'09:25:00',55,0,0,'cnoguera@cifpfbmoll.eu'),(590,'5WAWKTGIXXFOUEYVWIXBE4S59WEIILIZ',7837,598369,133747,2,'12:40:00',55,0,0,'afonolleres@cifpfbmoll.eu'),(591,'9425F63562C0D472E040D70A590548FB',7837,598369,133747,2,'12:40:00',55,0,0,'aamengual@cifpfbmoll.eu'),(592,'9425F634D362D472E040D70A590548FB',7837,598369,133747,5,'09:25:00',55,0,0,'aamengual@cifpfbmoll.eu'),(593,'W9NKGRQK8W8T1DRLIL379AF2T0CVZSY6',7837,598370,133751,5,'13:35:00',55,0,0,'amassol@cifpfbmoll.eu'),(594,'9425F635DA7BD472E040D70A590548FB',7837,598370,133751,3,'08:30:00',55,0,0,'jlhuertagrafia@cifpfbmoll.eu'),(595,'9425F635DA7BD472E040D70A590548FB',7837,598370,133751,4,'10:20:00',55,0,0,'jlhuertagrafia@cifpfbmoll.eu'),(596,'9425F635D0EFD472E040D70A590548FB',7837,598370,133751,4,'10:20:00',55,0,0,'tmestre@cifpfbmoll.eu'),(668,'944BA538102DE45FE040D70A59055935',214,598367,133753,2,'10:20:00',55,0,0,'nburguerag@cifpfbmoll.eu'),(779,'HEIG3NIZ3VJYDDSR4XSOWKCCYV125XAA',1160,598326,133747,4,'20:35:00',55,0,0,'aponsgarcia@cifpfbmoll.eu'),(780,'IYRWUJR6LO3Z4MQU72Q5338ZBM5EA4MX',1160,598326,133747,3,'15:30:00',55,0,0,'tserna@cifpfbmoll.eu'),(781,'944BA535A3B4E45FE040D70A59055935',1160,598326,133747,2,'15:30:00',55,0,0,'tgaya@cifpfbmoll.eu'),(782,'944BA535A3B4E45FE040D70A59055935',1160,598326,133747,2,'16:25:00',55,0,0,'tgaya@cifpfbmoll.eu'),(788,'9425F6362650D472E040D70A590548FB',1072,598383,133709,1,'16:25:00',55,0,0,'tribot@cifpfbmoll.eu'),(789,'2E5310CFE21F0B12E050D70A59056A4C',1072,598383,133709,1,'18:45:00',55,0,0,'mfernandez@cifpfbmoll.eu'),(790,'2E5310CFE21F0B12E050D70A59056A4C',1072,598383,133709,2,'20:35:00',55,0,0,'mfernandez@cifpfbmoll.eu'),(791,'944BA534FC1FE45FE040D70A59055935',1072,598383,133709,2,'18:45:00',55,0,0,'restarellasmatas@cifpfbmoll.eu'),(792,'HEIG3NIZ3VJYDDSR4XSOWKCCYV125XAA',1072,598382,133751,3,'16:25:00',55,0,0,'aponsgarcia@cifpfbmoll.eu'),(793,'HEIG3NIZ3VJYDDSR4XSOWKCCYV125XAA',1072,598382,133751,4,'17:20:00',55,0,0,'aponsgarcia@cifpfbmoll.eu'),(794,'HEIG3NIZ3VJYDDSR4XSOWKCCYV125XAA',1072,598382,133751,5,'15:30:00',55,0,0,'aponsgarcia@cifpfbmoll.eu'),(795,'HEIG3NIZ3VJYDDSR4XSOWKCCYV125XAA',1072,598382,133751,2,'18:45:00',55,0,0,'aponsgarcia@cifpfbmoll.eu'),(801,'KK227M5LQXVIDLMM28DLNN3MO76EO83P',7837,598369,133747,4,'12:40:00',55,0,0,'alsanchez@cifpfbmoll.eu'),(802,'KK227M5LQXVIDLMM28DLNN3MO76EO83P',7837,598369,133747,4,'13:35:00',55,0,1,'alsanchez@cifpfbmoll.eu'),(803,'9425F634D362D472E040D70A590548FB',7837,598369,133747,4,'09:25:00',55,0,0,'aamengual@cifpfbmoll.eu'),(804,'9425F634D362D472E040D70A590548FB',7837,598369,133747,4,'10:20:00',55,0,0,'aamengual@cifpfbmoll.eu'),(805,'5WAWKTGIXXFOUEYVWIXBE4S59WEIILIZ',7837,598370,133751,1,'09:25:00',55,0,0,'afonolleres@cifpfbmoll.eu'),(806,'9425F635D0F0D472E040D70A590548FB',7837,598370,133751,1,'11:45:00',55,0,0,'agarciag@cifpfbmoll.eu'),(807,'9425F635D0F0D472E040D70A590548FB',7837,598370,133751,2,'11:45:00',55,0,0,'agarciag@cifpfbmoll.eu'),(808,'9425F635D0F0D472E040D70A590548FB',7837,598370,133751,3,'11:45:00',55,0,0,'agarciag@cifpfbmoll.eu'),(809,'9425F635D0F0D472E040D70A590548FB',7837,598370,133751,3,'13:35:00',55,0,0,'agarciag@cifpfbmoll.eu'),(810,'9425F635DA7BD472E040D70A590548FB',7837,598370,133751,4,'12:40:00',55,0,0,'jlhuertagrafia@cifpfbmoll.eu'),(811,'9425F635D0F0D472E040D70A590548FB',7837,598370,133751,2,'14:30:00',60,0,0,'agarciag@cifpfbmoll.eu'),(860,'W9NKGRQK8W8T1DRLIL379AF2T0CVZSY6',7837,598369,133747,3,'10:20:00',55,0,0,'amassol@cifpfbmoll.eu'),(861,'W9NKGRQK8W8T1DRLIL379AF2T0CVZSY6',7837,598369,133747,3,'11:45:00',55,0,0,'amassol@cifpfbmoll.eu'),(862,'5WAWKTGIXXFOUEYVWIXBE4S59WEIILIZ',7837,598369,133747,1,'13:35:00',55,0,1,'afonolleres@cifpfbmoll.eu'),(863,'9425F634D362D472E040D70A590548FB',7837,598369,133747,3,'12:40:00',55,0,0,'aamengual@cifpfbmoll.eu'),(864,'5WAWKTGIXXFOUEYVWIXBE4S59WEIILIZ',7837,598370,133751,1,'08:30:00',55,0,0,'afonolleres@cifpfbmoll.eu'),(865,'W9NKGRQK8W8T1DRLIL379AF2T0CVZSY6',7837,598370,133751,1,'13:35:00',55,0,0,'amassol@cifpfbmoll.eu'),(866,'9425F635DA7BD472E040D70A590548FB',7837,598370,133751,5,'11:45:00',55,0,0,'jlhuertagrafia@cifpfbmoll.eu'),(867,'9425F635DA7BD472E040D70A590548FB',7837,598370,133751,5,'08:30:00',55,0,0,'jlhuertagrafia@cifpfbmoll.eu'),(868,'9425F635DA7BD472E040D70A590548FB',7837,598370,133751,5,'09:25:00',55,0,0,'jlhuertagrafia@cifpfbmoll.eu'),(955,'BA167CF41EC2F6A7E040D70A590563A4',7051,598373,133720,2,'16:25:00',55,0,0,'margarcias@cifpfbmoll.eu'),(956,'9425F635A68AD472E040D70A590548FB',7051,598373,133720,1,'19:40:00',55,0,0,'mcardonaaranda@cifpfbmoll.eu'),(957,'9425F633E33ED472E040D70A590548FB',7051,598372,133723,4,'18:45:00',55,0,0,'bseguraduran@cifpfbmoll.eu'),(958,'0X00J3SL1IRQZQNFNZZ3BF2C3NLR89P0',7051,598372,133723,3,'20:35:00',55,0,0,'rgion@cifpfbmoll.eu'),(959,'0X00J3SL1IRQZQNFNZZ3BF2C3NLR89P0',7051,598372,133723,5,'16:25:00',55,0,0,'rgion@cifpfbmoll.eu'),(960,'9425F633E33ED472E040D70A590548FB',7051,598372,133723,4,'14:30:00',60,0,0,'bseguraduran@cifpfbmoll.eu'),(964,'944BA5362FC9E45FE040D70A59055935',7051,598374,133753,2,'17:20:00',55,0,1,'apascual@cifpfbmoll.eu'),(967,'944BA535A3B4E45FE040D70A59055935',7051,598374,133753,4,'15:30:00',55,0,0,'tgaya@cifpfbmoll.eu'),(968,'944BA535A3B4E45FE040D70A59055935',7051,598374,133753,4,'16:25:00',55,0,0,'tgaya@cifpfbmoll.eu'),(1037,'2E5310CFDF700B12E050D70A59056A4C',341,598351,133718,1,'16:25:00',55,0,0,'jmota@cifpfbmoll.eu'),(1045,'BA167CF41EC2F6A7E040D70A590563A4',1072,598382,133751,2,'19:40:00',55,0,0,'margarcias@cifpfbmoll.eu'),(1046,'944BA53600BAE45FE040D70A59055935',1072,598382,133751,4,'16:25:00',55,0,0,'randion@cifpfbmoll.eu'),(1047,'944BA53600BAE45FE040D70A59055935',1072,598382,133751,5,'19:40:00',55,0,0,'randion@cifpfbmoll.eu'),(1048,'944BA53600BAE45FE040D70A59055935',1072,598382,133751,5,'20:35:00',55,0,0,'randion@cifpfbmoll.eu'),(1055,'9425F633E33ED472E040D70A590548FB',7051,598372,133723,4,'19:40:00',55,0,0,'bseguraduran@cifpfbmoll.eu'),(1058,'944BA535A3B4E45FE040D70A59055935',7051,598372,133723,1,'20:35:00',55,0,0,'tgaya@cifpfbmoll.eu'),(1059,'944BA5376E51E45FE040D70A59055935',7051,598373,133720,3,'18:45:00',55,0,0,'nburguerag@cifpfbmoll.eu'),(1066,'944BA5381316E45FE040D70A59055935',292,598361,133753,5,'19:40:00',55,0,0,'jtomas1@cifpfbmoll.eu'),(1067,'944BA5381316E45FE040D70A59055935',292,598361,133753,5,'20:35:00',55,0,0,'jtomas1@cifpfbmoll.eu'),(1145,'944BA538102DE45FE040D70A59055935',214,598367,133753,5,'08:30:00',55,0,0,'nburguerag@cifpfbmoll.eu'),(1146,'944BA538102DE45FE040D70A59055935',214,598367,133753,5,'09:25:00',55,0,0,'nburguerag@cifpfbmoll.eu'),(1164,'B91203086F048E84E040D70A5905310A',7051,598372,133723,5,'19:40:00',55,0,0,'mtaberner@cifpfbmoll.eu'),(1165,'B91203086F048E84E040D70A5905310A',7051,598372,133723,5,'20:35:00',55,0,0,'mtaberner@cifpfbmoll.eu'),(1197,'9425F634D34AD472E040D70A590548FB',7837,598369,133747,2,'14:30:00',60,0,0,'cnoguera@cifpfbmoll.eu'),(1198,'9425F634D34AD472E040D70A590548FB',7837,598369,133747,1,'08:30:00',55,0,0,'cnoguera@cifpfbmoll.eu'),(1199,'9425F634D34AD472E040D70A590548FB',7837,598369,133747,3,'09:25:00',55,0,0,'cnoguera@cifpfbmoll.eu'),(1200,'W9NKGRQK8W8T1DRLIL379AF2T0CVZSY6',7837,598369,133747,1,'10:20:00',55,0,0,'amassol@cifpfbmoll.eu'),(1201,'5WAWKTGIXXFOUEYVWIXBE4S59WEIILIZ',7837,598370,133751,3,'10:20:00',55,0,0,'afonolleres@cifpfbmoll.eu'),(1202,'9425F635D0F0D472E040D70A590548FB',7837,598370,133751,1,'10:20:00',55,0,0,'agarciag@cifpfbmoll.eu'),(1203,'9425F635D0F0D472E040D70A590548FB',7837,598370,133751,2,'10:20:00',55,0,0,'agarciag@cifpfbmoll.eu'),(1204,'W9NKGRQK8W8T1DRLIL379AF2T0CVZSY6',7837,598370,133751,1,'12:40:00',55,0,0,'amassol@cifpfbmoll.eu'),(1205,'9425F635D0F0D472E040D70A590548FB',7837,598370,133751,4,'08:30:00',55,0,0,'agarciag@cifpfbmoll.eu'),(1206,'9425F635DA7BD472E040D70A590548FB',7837,598370,133751,4,'11:45:00',55,0,0,'jlhuertagrafia@cifpfbmoll.eu'),(1207,'9425F635D0EFD472E040D70A590548FB',7837,598370,133751,4,'11:45:00',55,0,0,'tmestre@cifpfbmoll.eu'),(1219,'2E5310CFDF700B12E050D70A59056A4C',341,598351,133718,1,'18:45:00',55,0,0,'jmota@cifpfbmoll.eu'),(1220,'9425F635A31BD472E040D70A590548FB',341,598351,133718,1,'19:40:00',55,0,0,'ccolloliver@cifpfbmoll.eu'),(1221,'9425F635A31BD472E040D70A590548FB',341,598351,133718,1,'20:35:00',55,0,0,'ccolloliver@cifpfbmoll.eu'),(1222,'EAPQLOSOQ2ODNUNDP34J4O91I6PMKU4D',341,598351,133718,4,'17:20:00',55,0,0,'aacuna@cifpfbmoll.eu'),(1223,'9425F633F56AD472E040D70A590548FB',341,598351,133718,5,'20:35:00',55,0,1,'jvallespirferragut@cifpfbmoll.eu'),(1224,'9425F635A31BD472E040D70A590548FB',341,598351,133718,3,'20:35:00',55,0,0,'ccolloliver@cifpfbmoll.eu'),(1239,'9425F635A68AD472E040D70A590548FB',7051,598373,133720,3,'15:30:00',55,0,0,'mcardonaaranda@cifpfbmoll.eu'),(1240,'9487DEAED79119D1E040D70A59052593',7051,598373,133720,5,'16:25:00',55,0,0,'mbujosa@cifpfbmoll.eu'),(1241,'B91203086F048E84E040D70A5905310A',7051,598373,133720,4,'16:25:00',55,0,0,'mtaberner@cifpfbmoll.eu'),(1242,'B91203086F048E84E040D70A5905310A',7051,598373,133720,4,'17:20:00',55,0,1,'mtaberner@cifpfbmoll.eu'),(1244,'B91203086F048E84E040D70A5905310A',7051,598373,133720,4,'14:30:00',60,0,0,'mtaberner@cifpfbmoll.eu'),(1245,'944BA535A3B4E45FE040D70A59055935',7051,598372,133723,2,'19:40:00',55,0,0,'tgaya@cifpfbmoll.eu'),(1246,'944BA5362FC9E45FE040D70A59055935',7051,598372,133723,2,'15:30:00',55,0,0,'apascual@cifpfbmoll.eu'),(1247,'944BA5362FC9E45FE040D70A59055935',7051,598372,133723,4,'15:30:00',55,0,0,'apascual@cifpfbmoll.eu'),(1248,'944BA5362FC9E45FE040D70A59055935',7051,598372,133723,4,'16:25:00',55,0,0,'apascual@cifpfbmoll.eu'),(1249,'9425F633E33ED472E040D70A590548FB',7051,598372,133723,1,'18:45:00',55,0,0,'bseguraduran@cifpfbmoll.eu'),(1251,'944BA5362FC9E45FE040D70A59055935',7051,598374,133753,2,'16:25:00',55,0,0,'apascual@cifpfbmoll.eu'),(1254,'9487DEAED79119D1E040D70A59052593',1160,598326,133747,5,'18:45:00',55,0,0,'mbujosa@cifpfbmoll.eu'),(1257,'0X00J3SL1IRQZQNFNZZ3BF2C3NLR89P0',1160,598326,133747,2,'20:35:00',55,0,1,'rgion@cifpfbmoll.eu'),(1258,'HEIG3NIZ3VJYDDSR4XSOWKCCYV125XAA',1160,598326,133747,1,'18:45:00',55,0,0,'aponsgarcia@cifpfbmoll.eu'),(1259,'HEIG3NIZ3VJYDDSR4XSOWKCCYV125XAA',1160,598326,133747,1,'19:40:00',55,0,0,'aponsgarcia@cifpfbmoll.eu'),(1260,'IYRWUJR6LO3Z4MQU72Q5338ZBM5EA4MX',1160,598326,133747,1,'20:35:00',55,0,1,'tserna@cifpfbmoll.eu'),(1262,'9487DEAF0AC119D1E040D70A59052593',1066,598385,133708,4,'14:30:00',60,0,0,'mmut@cifpfbmoll.eu'),(1263,'9425F633E33ED472E040D70A590548FB',1066,598385,133708,1,'15:30:00',55,0,0,'bseguraduran@cifpfbmoll.eu'),(1264,'9487DEAED79119D1E040D70A59052593',1066,598385,133708,3,'18:45:00',55,0,0,'mbujosa@cifpfbmoll.eu'),(1266,'944BA538102DE45FE040D70A59055935',292,598359,133753,5,'10:20:00',55,0,0,'nburguerag@cifpfbmoll.eu'),(1267,'IYRWUJR6LO3Z4MQU72Q5338ZBM5EA4MX',1072,598381,133721,2,'19:40:00',55,0,0,'tserna@cifpfbmoll.eu'),(1268,'IYRWUJR6LO3Z4MQU72Q5338ZBM5EA4MX',1072,598381,133721,5,'17:20:00',55,0,0,'tserna@cifpfbmoll.eu'),(1269,'IYRWUJR6LO3Z4MQU72Q5338ZBM5EA4MX',1072,598381,133721,5,'18:45:00',55,0,0,'tserna@cifpfbmoll.eu'),(1271,'9487DEAED79119D1E040D70A59052593',1072,598381,133721,2,'16:25:00',55,0,0,'mbujosa@cifpfbmoll.eu'),(1272,'2E5310CFE21F0B12E050D70A59056A4C',1072,598383,133709,2,'19:40:00',55,0,0,'mfernandez@cifpfbmoll.eu'),(1273,'2E5310CFE21F0B12E050D70A59056A4C',1072,598383,133709,4,'16:25:00',55,0,0,'mfernandez@cifpfbmoll.eu'),(1274,'9425F6362650D472E040D70A590548FB',1072,598383,133709,3,'18:45:00',55,0,0,'tribot@cifpfbmoll.eu'),(1275,'944BA5376E51E45FE040D70A59055935',1072,598383,133709,5,'19:40:00',55,0,0,'nburguerag@cifpfbmoll.eu'),(1276,'944BA5376E51E45FE040D70A59055935',1072,598383,133709,5,'20:35:00',55,0,0,'nburguerag@cifpfbmoll.eu'),(1277,'HEIG3NIZ3VJYDDSR4XSOWKCCYV125XAA',1072,598382,133751,2,'17:20:00',55,0,0,'aponsgarcia@cifpfbmoll.eu'),(1278,'944BA534FC1FE45FE040D70A59055935',1072,598382,133751,3,'18:45:00',55,0,0,'restarellasmatas@cifpfbmoll.eu'),(1279,'944BA53600BAE45FE040D70A59055935',1072,598382,133751,1,'19:40:00',55,0,0,'randion@cifpfbmoll.eu'),(1285,'EAPQLOSOQ2ODNUNDP34J4O91I6PMKU4D',341,598351,133718,4,'15:30:00',55,0,0,'aacuna@cifpfbmoll.eu'),(1286,'EAPQLOSOQ2ODNUNDP34J4O91I6PMKU4D',341,598351,133718,4,'16:25:00',55,0,0,'aacuna@cifpfbmoll.eu'),(1287,'EAPQLOSOQ2ODNUNDP34J4O91I6PMKU4D',341,598351,133718,4,'18:45:00',55,0,0,'aacuna@cifpfbmoll.eu'),(1288,'EAPQLOSOQ2ODNUNDP34J4O91I6PMKU4D',341,598351,133718,5,'16:25:00',55,0,0,'aacuna@cifpfbmoll.eu'),(1316,'9425F635A68AD472E040D70A590548FB',7051,598373,133720,1,'20:35:00',55,0,0,'mcardonaaranda@cifpfbmoll.eu'),(1317,'9425F635A68AD472E040D70A590548FB',7051,598373,133720,5,'20:35:00',55,0,0,'mcardonaaranda@cifpfbmoll.eu'),(1318,'944BA5376E51E45FE040D70A59055935',7051,598373,133720,1,'17:20:00',55,0,1,'nburguerag@cifpfbmoll.eu'),(1319,'0X00J3SL1IRQZQNFNZZ3BF2C3NLR89P0',7051,598372,133723,5,'17:20:00',55,0,0,'rgion@cifpfbmoll.eu'),(1320,'9425F633E33ED472E040D70A590548FB',7051,598374,133753,1,'17:20:00',55,0,1,'bseguraduran@cifpfbmoll.eu'),(1321,'944BA535A3B4E45FE040D70A59055935',7051,598374,133753,4,'17:20:00',55,0,0,'tgaya@cifpfbmoll.eu'),(1324,'9487DEAED79119D1E040D70A59052593',1160,598326,133747,2,'19:40:00',55,0,0,'mbujosa@cifpfbmoll.eu'),(1327,'HEIG3NIZ3VJYDDSR4XSOWKCCYV125XAA',1160,598326,133747,5,'19:40:00',55,0,0,'aponsgarcia@cifpfbmoll.eu'),(1329,'IYRWUJR6LO3Z4MQU72Q5338ZBM5EA4MX',1160,598326,133747,4,'19:40:00',55,0,0,'tserna@cifpfbmoll.eu'),(1334,'0X00J3SL1IRQZQNFNZZ3BF2C3NLR89P0',1160,598326,133747,3,'17:20:00',55,0,0,'rgion@cifpfbmoll.eu'),(1335,'0X00J3SL1IRQZQNFNZZ3BF2C3NLR89P0',1160,598326,133747,3,'18:45:00',55,0,0,'rgion@cifpfbmoll.eu'),(1338,'944BA535721EE45FE040D70A59055935',1066,598385,133708,5,'18:45:00',55,0,0,'bsabater@cifpfbmoll.eu'),(1339,'9487DEAF0AC119D1E040D70A59052593',1066,598385,133708,3,'16:25:00',55,0,0,'mmut@cifpfbmoll.eu'),(1349,'IYRWUJR6LO3Z4MQU72Q5338ZBM5EA4MX',1072,598381,133721,1,'15:30:00',55,0,0,'tserna@cifpfbmoll.eu'),(1350,'IYRWUJR6LO3Z4MQU72Q5338ZBM5EA4MX',1072,598381,133721,2,'20:35:00',55,0,1,'tserna@cifpfbmoll.eu'),(1351,'9487DEAED79119D1E040D70A59052593',1072,598381,133721,2,'15:30:00',55,0,0,'mbujosa@cifpfbmoll.eu'),(1352,'944BA534FC1FE45FE040D70A59055935',1072,598381,133721,3,'15:30:00',55,0,0,'restarellasmatas@cifpfbmoll.eu'),(1353,'2E5310CFE21F0B12E050D70A59056A4C',1072,598381,133721,5,'16:25:00',55,0,0,'mfernandez@cifpfbmoll.eu'),(1354,'2E5310CFE21F0B12E050D70A59056A4C',1072,598383,133709,1,'17:20:00',55,0,1,'mfernandez@cifpfbmoll.eu'),(1355,'9425F6362650D472E040D70A590548FB',1072,598383,133709,3,'19:40:00',55,0,0,'tribot@cifpfbmoll.eu'),(1356,'9425F6362650D472E040D70A590548FB',1072,598383,133709,3,'20:35:00',55,0,0,'tribot@cifpfbmoll.eu'),(1357,'HEIG3NIZ3VJYDDSR4XSOWKCCYV125XAA',1072,598382,133751,4,'18:45:00',55,0,0,'aponsgarcia@cifpfbmoll.eu'),(1358,'BA167CF41EC2F6A7E040D70A590563A4',1072,598382,133751,2,'20:35:00',55,0,0,'margarcias@cifpfbmoll.eu'),(1359,'BA167CF41EC2F6A7E040D70A590563A4',1072,598382,133751,4,'20:35:00',55,0,0,'margarcias@cifpfbmoll.eu'),(1360,'944BA53600BAE45FE040D70A59055935',1072,598382,133751,1,'20:35:00',55,0,0,'randion@cifpfbmoll.eu'),(1361,'944BA53600BAE45FE040D70A59055935',1072,598382,133751,3,'19:40:00',55,0,0,'randion@cifpfbmoll.eu'),(1364,'EAPQLOSOQ2ODNUNDP34J4O91I6PMKU4D',341,598351,133718,5,'15:30:00',55,0,0,'aacuna@cifpfbmoll.eu'),(1365,'9425F633F56AD472E040D70A590548FB',341,598351,133718,2,'16:25:00',55,0,0,'jvallespirferragut@cifpfbmoll.eu'),(1366,'9425F635A31BD472E040D70A590548FB',341,598351,133718,2,'17:20:00',55,0,0,'ccolloliver@cifpfbmoll.eu'),(1367,'9425F635A31BD472E040D70A590548FB',341,598351,133718,3,'19:40:00',55,0,0,'ccolloliver@cifpfbmoll.eu'),(1368,'2E5310CFDF700B12E050D70A59056A4C',341,598351,133718,4,'20:35:00',55,0,1,'jmota@cifpfbmoll.eu'),(1372,'9425F633E33ED472E040D70A590548FB',7051,598372,133723,4,'20:35:00',55,0,0,'bseguraduran@cifpfbmoll.eu');
/*!40000 ALTER TABLE `horaris` ENABLE KEYS */;
UNLOCK TABLES;

--
-- Table structure for table `profGestib`
--

DROP TABLE IF EXISTS `profGestib`;
/*!40101 SET @saved_cs_client     = @@character_set_client */;
/*!50503 SET character_set_client = utf8mb4 */;
CREATE TABLE `profGestib` (
  `id_profGestib` int(11) NOT NULL AUTO_INCREMENT,
  `nom` varchar(45) NOT NULL,
  `llinatges` varchar(45) NOT NULL,
  `email` varchar(100) NOT NULL,
  `unitat` varchar(45) NOT NULL,
  `estat` varchar(45) NOT NULL,
  `id_Gestib` varchar(45) NOT NULL,
  PRIMARY KEY (`id_profGestib`)
) ENGINE=InnoDB AUTO_INCREMENT=178 DEFAULT CHARSET=utf8mb4 COLLATE=utf8mb4_general_ci;
/*!40101 SET character_set_client = @saved_cs_client */;

--
-- Dumping data for table `profGestib`
--

LOCK TABLES `profGestib` WRITE;
/*!40000 ALTER TABLE `profGestib` DISABLE KEYS */;
INSERT INTO `profGestib` VALUES (1,'Abdón','Tobarias Ruiz','atobariasruiz@cifpfbmoll.eu','/Professorat','Active','BA167CF42051F6A7E040D70A590563A4'),(2,'ADRIAN','INSUA GERPE','ainsua@cifpfbmoll.eu','/Professorat','Active','944BA5361364E45FE040D70A59055935'),(3,'AINA','ADROVER GARCIA','aadrovergarcia@cifpfbmoll.eu','/Professorat','Active','9425F6352391D472E040D70A590548FB'),(4,'Aina','Fonolleres Villegas','afonolleres@cifpfbmoll.eu','/Professorat','Active','5WAWKTGIXXFOUEYVWIXBE4S59WEIILIZ'),(5,'Aina María','Llabrés Gual','allabres@cifpfbmoll.eu','/Professorat','Active','944BA534E04FE45FE040D70A59055935'),(6,'Aixa','Tobaruela Arbona','atobaruela@cifpfbmoll.eu','/Professorat','Active','9487DEAEAD2419D1E040D70A59052593'),(7,'Alberto','Acuña Alloza','aacuna@cifpfbmoll.eu','/Professorat','Active','EAPQLOSOQ2ODNUNDP34J4O91I6PMKU4D'),(8,'Alberto','Escudero Julia','aescudero@cifpfbmoll.eu','/Professorat','Active','9425F635C8A7D472E040D70A590548FB'),(9,'Alejandro','Saez Tarifa','asaez@cifpfbmoll.eu','/Professorat','Suspended','2ZDRAU2YCEXESPGNUOU2TR165LCRHV4G'),(10,'Alejandro Jose','Pons García','aponsgarcia@cifpfbmoll.eu','/Professorat','Active','HEIG3NIZ3VJYDDSR4XSOWKCCYV125XAA'),(11,'Alex','Mas Solano','amassol@cifpfbmoll.eu','/Professorat','Active','W9NKGRQK8W8T1DRLIL379AF2T0CVZSY6'),(12,'Alexandre','Seguí Rubio','asegui@cifpfbmoll.eu','/Professorat','Active','F5W6JAHFN5BDVTRET3JC9283D2FZ6U6E'),(13,'Ana','Dunjó Arribas','adunjoarribas@cifpfbmoll.eu','/Professorat','Active','944BA53583FAE45FE040D70A59055935'),(14,'Ana','Herrero Trujillo','aherrero@cifpfbmoll.eu','/Professorat','Suspended','944BA534680AE45FE040D70A59055935'),(15,'Ana','Lopez Viso','alopezv@cifpfbmoll.eu','/Professorat','Suspended','608E77ADA7B876519719E30C7B404F8D'),(16,'Ana Laura','Sánchez Fernández','alsanchez@cifpfbmoll.eu','/Professorat','Active','KK227M5LQXVIDLMM28DLNN3MO76EO83P'),(17,'Ana Maria','Morey Alzamora','amoreyalzamora@cifpfbmoll.eu','/Professorat','Active','9425F634E971D472E040D70A590548FB'),(18,'Anastasio','Morera Martel','amorera@cifpfbmoll.eu','/Professorat','Active','45TGHU6AMUNBYRFDVU2ZK84HIK6O9KX9'),(19,'Andres','Sanchez Romero','asanchezromero@cifpfbmoll.eu','/Professorat','Active','8a5785062af10af4012afa51b7910f22'),(20,'Angela Margarita','Alemany Mulet','amalemany@cifpfbmoll.eu','/Professorat','Active','944BA538102DE45FE040D70A59055935'),(21,'Anna','Fontanals Nin','afontanals@cifpfbmoll.eu','/Professorat','Suspended','9425F635DF1BD472E040D70A590548FB'),(22,'Antoni','Rullan Pomar','arullan1@cifpfbmoll.eu','/Professorat','Suspended','9425F6357863D472E040D70A590548FB'),(23,'Antoni','Asensio Torres','aasensio@cifpfbmoll.eu','/Professorat','Active','944BA5350F0AE45FE040D70A59055935'),(24,'Antoni','Amengual Salas','aamengual@cifpfbmoll.eu','/Professorat','Active','9425F634D362D472E040D70A590548FB'),(25,'Antoni-manuel','Vives Humbert','aviveshumbert@cifpfbmoll.eu','/Professorat','Active','944BA5352C81E45FE040D70A59055935'),(26,'Antonia','García Ginard','agarciag@cifpfbmoll.eu','/Professorat','Active','9425F635D0F0D472E040D70A590548FB'),(27,'Antonio','Pascual Galmés','apascual@cifpfbmoll.eu','/Professorat','Active','944BA5362FC9E45FE040D70A59055935'),(28,'Antònia','Parera Blanes','aparera@cifpfbmoll.eu','/Professorat','Suspended','9487DEAEFA9319D1E040D70A59052593'),(29,'Antònia A.','Tous Velázquez','atous@cifpfbmoll.eu','/Professorat','Active','2D2F728AEE9AE0F8130C44789A09B3FE'),(30,'Antònia Maria','Ferragut Enseñat','aferragut@cifpfbmoll.eu','/Professorat','Suspended','9425F6368367D472E040D70A590548FB'),(31,'Araceli','Martin Garcia','amartin@cifpfbmoll.eu','/Professorat','Suspended','944BA537A067E45FE040D70A59055935'),(32,'Arturo','Fernández Fuster','afernandez1@cifpfbmoll.eu','/Professorat','Suspended','944BA5355FC4E45FE040D70A59055935'),(33,'Aurea','Ernica Vogel','aernicavogel@cifpfbmoll.eu','/Professorat','Active','2E5310CFDEA00B12E050D70A59056A4C'),(34,'Barbara Andrea','Belmonte Zaragoza','bbelmonte@cifpfbmoll.eu','/Professorat','Active','9V1P8WSCO3HK8QFD1NIHDIXLFW1FT453'),(35,'Bartolome','Sabater Bosch','bsabater@cifpfbmoll.eu','/Professorat','Active','944BA535721EE45FE040D70A59055935'),(36,'Bartomeu','Segura Duran','bseguraduran@cifpfbmoll.eu','/Professorat','Active','9425F633E33ED472E040D70A590548FB'),(37,'Beatriz','Mendez Baiges','bmbaiges@cifpfbmoll.eu','/Professorat','Active','944BA534C2B7E45FE040D70A59055935'),(38,'Bàrbara','Martorell Morell','bmartorell@cifpfbmoll.eu','/Professorat','Suspended','944BA5364200E45FE040D70A59055935'),(39,'Bárbara','Ferriol Mesquida','bferriol@cifpfbmoll.eu','/Professorat','Suspended','944BA5360D43E45FE040D70A59055935'),(40,'Carlos','Gracia Rodríguez','cgracia@cifpfbmoll.eu','/Professorat','Active','9425F635648DD472E040D70A590548FB'),(41,'Carme','Comas Portas','ccomas@cifpfbmoll.eu','/Professorat','Active','9425F634C651D472E040D70A590548FB'),(42,'Carmen','Noguera Llabrés','cnoguera@cifpfbmoll.eu','/Professorat','Active','9425F634D34AD472E040D70A590548FB'),(43,'Catalina Antònia','Sansó Fuster','csanso@cifpfbmoll.eu','/Professorat','Suspended','9425F6357F80D472E040D70A590548FB'),(44,'Catalina Maria','Dols Amengual','cdols@cifpfbmoll.eu','/Professorat','Active','9425F635F856D472E040D70A590548FB'),(45,'Caterina Agnes','Munar Pascual','cmunar@cifpfbmoll.eu','/Professorat','Suspended','9425F6361975D472E040D70A590548FB'),(46,'Clara','Vicens Sancho','cvicens@cifpfbmoll.eu','/Professorat','Suspended','9425F635A1FDD472E040D70A590548FB'),(47,'Cristina','Bea Palmer','cbea@cifpfbmoll.eu','/Professorat','Suspended','944BA536B2DCE45FE040D70A59055935'),(48,'Daniel','Calvo Caimari','dcalvo@cifpfbmoll.eu','/Professorat','Suspended','944BA533F1FAE45FE040D70A59055935'),(49,'David','Sánchez Bermúdez','dsanchezb@cifpfbmoll.eu','/Professorat','Active','ZBIS884E704X1QZ801LFE5F47J4RHZ3R'),(50,'Dolores','López Ortega','dlopez@cifpfbmoll.eu','/Professorat','Active','944BA534CDA5E45FE040D70A59055935'),(51,'Elena','Yago García','eyago@cifpfbmoll.eu','/Professorat','Active','9487DEAEF90D19D1E040D70A59052593'),(52,'Elena','Blesa Guerrero','eblesa@cifpfbmoll.eu','/Professorat','Active','944BA534080BE45FE040D70A59055935'),(53,'Elena','Fiol Diez','efiol@cifpfbmoll.eu','/Professorat','Active','944BA534374CE45FE040D70A59055935'),(54,'Elena','Casellas Martí','ecasellas@cifpfbmoll.eu','/Professorat','Suspended','SZE22OV3GRDKHUOGYUK01OJILCXDYYXT'),(55,'Elisa','Martínez Sampol','elisamartinez@cifpfbmoll.eu','/Professorat','Active','9425F6365B05D472E040D70A590548FB'),(56,'Elisabet','Miró Julià','emiro@cifpfbmoll.eu','/Professorat','Suspended','9425F635E1F0D472E040D70A590548FB'),(57,'Elizabeth','Sanchez Gonzalez','esanchez1@cifpfbmoll.eu','/Professorat','Suspended','9425F635A438D472E040D70A590548FB'),(58,'Elvira','García Aguirre','egarcia@cifpfbmoll.eu','/Professorat','Active','T7DEXF2YPSOLUZSHL69FBXVAMBY3CANV'),(59,'Emilio','Real Artacho','ereal@cifpfbmoll.eu','/Professorat','Active','ATEBPTYCH3I39DVQ87KC53A9C62JJED2'),(60,'EVA MARIA','DOMENECH MOLERO','edomenech@cifpfbmoll.eu','/Professorat','Active','5VCAGUZNSQBZZBK4VRU2UWYI7F7KBMCI'),(61,'Francisca','Guardiola Serrano','fguardiola@cifpfbmoll.eu','/Professorat','Active','2E5310CFDA5D0B12E050D70A59056A4C'),(62,'Francisco','Palomo Varela','fpalomo@cifpfbmoll.eu','/Professorat','Suspended','7XI1PTOWI94IM3P7FW7MU6LKFQ1QP4HH'),(63,'Francisco Javier','Chapado Amores','fchapado@cifpfbmoll.eu','/Professorat','Suspended','9425F63524D5D472E040D70A590548FB'),(64,'Francisco Javier','Manzano Amboades','fjmanzano@cifpfbmoll.eu','/Professorat','Suspended','944BA5356069E45FE040D70A59055935'),(65,'Guillem','Salom Forteza','gsalom@cifpfbmoll.eu','/Professorat','Active','9425F63398DDD472E040D70A590548FB'),(66,'Guillermo','Coll Verger','gcoll@cifpfbmoll.eu','/Professorat','Suspended','8a5785382b156021012b19ab42e80129'),(67,'Guillermo David','Pons Oliver','gpons@cifpfbmoll.eu','/Professorat','Suspended','944BA5344B15E45FE040D70A59055935'),(68,'Ines Libertad','Gercowski Ariza','igercowski@cifpfbmoll.eu','/Professorat','Suspended','944BA53768DFE45FE040D70A59055935'),(69,'Isabel','Mateu Arcos','imateu@cifpfbmoll.eu','/Professorat','Active','9425F6369ED1D472E040D70A590548FB'),(70,'Isabel','Ramis Amengual','iramis@cifpfbmoll.eu','/Professorat','Active','9425F63562CAD472E040D70A590548FB'),(71,'Isabel María','Cruces Sánchez','icruces@cifpfbmoll.eu','/Professorat','Active','9425F635F852D472E040D70A590548FB'),(72,'Jaime Tomas','Mota Gomez','jmota@cifpfbmoll.eu','/Professorat','Active','2E5310CFDF700B12E050D70A59056A4C'),(73,'Jaume','Garcias Fullana','jgarcias@cifpfbmoll.eu','/Professorat','Suspended','944BA53492A1E45FE040D70A59055935'),(74,'Jaume','Barceló Vicens','jbarcelo@cifpfbmoll.eu','/Professorat','Active','3T9FPFQ2T878YPHDSFRBUBLR92DDUYCO'),(75,'Jesica','Ibañez Garcia','jibanez@cifpfbmoll.eu','/Professorat','Suspended','B91203086F028E84E040D70A5905310A'),(76,'Jesús','Belmonte Fragoso','jbelmonte@cifpfbmoll.eu','/Professorat','Suspended','XWLDLNE76T5UFUITV9KL1W3Z318ZTWMX'),(77,'Joan','Vallespir Ferragut','jvallespirferragut@cifpfbmoll.eu','/Professorat','Active','9425F633F56AD472E040D70A590548FB'),(78,'Joan','Oliver Karlsson','joliverkarlsson@cifpfbmoll.eu','/Professorat','Active','51C43841B645BE028A8C669603209E03'),(79,'Joan','Jiménez Coll','jjimenez1@cifpfbmoll.eu','/Professorat','Suspended','9487DEAEF74319D1E040D70A59052593'),(80,'Joan Esteve','Nadal Abarquero','jnadal@cifpfbmoll.eu','/Professorat','Suspended','9487DEAEF93D19D1E040D70A59052593'),(81,'Joana','Palou Mir','jpalou@iesfbmoll.org','/Professorat','Suspended','9425F636270FD472E040D70A590548FB'),(82,'Joana Maria','Juan Femenia','joanamariajuan@cifpfbmoll.eu','/Professorat','Suspended','9425F635E7D5D472E040D70A590548FB'),(83,'Joana Maria','Llofriu Busquets','jllofriu@cifpfbmoll.eu','/Professorat','Suspended','944BA53551FDE45FE040D70A59055935'),(84,'Jose','Gabarda Veintimilla','jgabarda@iesfbmoll.org','/Professorat','Suspended','9425F634A70FD472E040D70A590548FB'),(85,'Jose','Manresa Noguera','jmanresa@cifpfbmoll.eu','/Professorat','Suspended','5L86V9PRG0PTH5XEG7IND8YJCUEGZWYU'),(86,'Josefa','Muñoz Garces','jmunoz@iesfbmoll.org','/Professorat','Suspended','944BA5348BC4E45FE040D70A59055935'),(87,'Josep','Mañas Picó','jmanas@cifpfbmoll.eu','/Professorat','Suspended','9425F6368964D472E040D70A590548FB'),(88,'Josep Lluís','Huerta Grafia','jlhuertagrafia@cifpfbmoll.eu','/Professorat','Active','9425F635DA7BD472E040D70A590548FB'),(89,'José Luis','Martínez Fernández','jmartinezf@cifpfbmoll.eu','/Professorat','Suspended','9425F633C21FD472E040D70A590548FB'),(90,'Juan Carlos','Castillo Capella','jcastillocapella@cifpfbmoll.eu','/Professorat','Active','FTU3J5OWTH6O6FISMCBKZS8YALIK8HKJ'),(91,'Juan Carlos','Gavela Huidobro','jgavela@iesfbmoll.org','/Professorat','Suspended','8a5785382b0fbff9012b106256ae00b4'),(92,'Juan Miguel','Ramon Tur','jramont@cifpfbmoll.eu','/Professorat','Active','9425F635D072D472E040D70A590548FB'),(93,'Juana','Arrom Martorell','jarrom@cifpfbmoll.eu','/Professorat','Suspended','ZBCW78UQBVTAGPMYJW37UYXYRTCKH7XP'),(94,'Juana María','Tomás Roca','jtomas1@cifpfbmoll.eu','/Professorat','Active','944BA5381316E45FE040D70A59055935'),(95,'Juana María','Torrens García','jtorrensg@cifpfbmoll.eu','/Professorat','Suspended','KJ0NBTDNGC86Y0U8W1FCMTRE7T56LIDH'),(96,'Laura','Duque Coll','lduque@iesfbmoll.org','/Professorat','Suspended','9487DEAEFFDF19D1E040D70A59052593'),(97,'Laura María','Campo González','lcampo@cifpfbmoll.eu','/Professorat','Suspended','G6Z81JKF3KH9GU5OVAS9W1NV1VAKQ2U3'),(98,'Lluisa','Palomero Almenara','lluisapalomero@iesfbmoll.org','/Professorat','Suspended','9425F6360ABAD472E040D70A590548FB'),(99,'Luisa','Pérez-villegas Ordovás','mlperezvillegas@cifpfbmoll.eu','/Professorat','Active','9425F635D0E1D472E040D70A590548FB'),(100,'Macià','Mut Puigserver','mmut@cifpfbmoll.eu','/Professorat','Active','9487DEAF0AC119D1E040D70A59052593'),(101,'Marga','Gallego Estremera','mgallego@iesfbmoll.org','/Professorat','Suspended','9425F635F9EDD472E040D70A590548FB'),(102,'Margalida','Miquel Amer','mmiquel@cifpfbmoll.eu','/Professorat','Suspended','N0G7CH9ZUP9W8KQT6KKZM496ZSDU3C2T'),(103,'Margalida','Serra Sitjar','mserras@cifpfbmoll.eu','/Professorat','Active','9425F6359ADDD472E040D70A590548FB'),(104,'Margalida','Pujals Mas','mpujals@iesfbmoll.org','/Professorat','Suspended','9425F635E1EED472E040D70A590548FB'),(105,'Margalida','Taura Pol','mtaurap@cifpfbmoll.eu','/Professorat','Active','9425F636083ED472E040D70A590548FB'),(106,'Margalida','Vaquer Fiol','mvaquer@iesfbmoll.org','/Professorat','Suspended','9425F6351E0BD472E040D70A590548FB'),(107,'Margarita','Pou Segura','mpou@cifpfbmoll.eu','/Professorat','Active','9487DEAE67D019D1E040D70A59052593'),(108,'Maria','Ferrer Rosselló','mferrer@cifpfbmoll.eu','/Professorat','Suspended','9425F635C0C4D472E040D70A590548FB'),(109,'Maria','Adrover Fiol','madrover@cifpfbmoll.eu','/Professorat','Active','9425F6365BDFD472E040D70A590548FB'),(110,'Maria','Villalonga Rotger','mvillalonga@cifpfbmoll.eu','/Professorat','Active','944BA5375E29E45FE040D70A59055935'),(111,'Maria Adela','Bujosa Vich','mbujosa@cifpfbmoll.eu','/Professorat','Active','9487DEAED79119D1E040D70A59052593'),(112,'Maria Angeles','Sanchez Riolobos','msanchez@iesfbmoll.org','/Professorat','Suspended','9425F6350AEAD472E040D70A590548FB'),(113,'Maria Angeles','Carrascosa Mula','mcarrascosa@cifpfbmoll.eu','/Professorat','Active','9425F63562C0D472E040D70A590548FB'),(114,'Maria Angeles','Molinera Carrasco','marianmolinera@cifpfbmoll.eu','/Professorat','Active','24D1BC41ADB9A3F70B6AEFCABDCD98A0'),(115,'Maria Antonia','Zanoguera Sastre','mzanoguera@cifpfbmoll.eu','/Professorat','Suspended','WOJOTUZF7YVS7946PEX54VO13SRADJM4'),(116,'Maria Antonia','Mesquida Jaume','mmesquida@iesfbmoll.org','/Professorat','Suspended','944BA5373605E45FE040D70A59055935'),(117,'Maria Antònia','Artigues Cladera','martigues@cifpfbmoll.eu','/Professorat','Suspended','944BA535411EE45FE040D70A59055935'),(118,'Maria De Lluc','Gascuñana Granados','mgascunana@cifpfbmoll.eu','/Professorat','Suspended','9425F6368161D472E040D70A590548FB'),(119,'Maria De Lluc','Alemany Morell','malemanym@cifpfbmoll.eu','/Professorat','Active','ZKKHLOFMNM58NPYNBOOPAY9ABFGAMJ6E'),(120,'Maria De Lluch','Mas Gelabert','mmas@iesfbmoll.org','/Professorat','Suspended','944BA536B0FBE45FE040D70A59055935'),(121,'Maria Del Carmen','Pintado Diaz','mpintado@cifpfbmoll.eu','/Professorat','Active','9425F635A32BD472E040D70A590548FB'),(122,'Maria Del Carmen','Sastre Clemente','msastre@iesfbmoll.org','/Professorat','Suspended','9425F636209DD472E040D70A590548FB'),(123,'Maria Del Carmen','Villaseñor Rubio','mvillasenor@cifpfbmoll.eu','/Professorat','Suspended','6GRHPM9EGKHA2T813FYIN6H7EZE3BA37'),(124,'Maria Del Carmen','Mas Tous','mmas@cifpfbmoll.eu','/Professorat','Active','RAK6WN55NG6IYCP3JPDRQWUAANML0G7W'),(125,'Maria Del Mar','Cardona Aranda','mcardonaaranda@cifpfbmoll.eu','/Professorat','Active','9425F635A68AD472E040D70A590548FB'),(126,'Maria Del Mar','Sastre Buñola','msastre@cifpfbmoll.eu','/Professorat','Suspended','9425F6368DB3D472E040D70A590548FB'),(127,'Maria del Mar','Sanmartin Perez','marsanmartin@cifpfbmoll.eu','/Professorat','Suspended','9425F635F96FD472E040D70A590548FB'),(128,'Maria Del Mar','Rigo Adrover','mrigo@cifpfbmoll.eu','/Professorat','Active','9425F6361C3DD472E040D70A590548FB'),(129,'Maria del Mar','Llobera Colomer','marllobera@iesfbmoll.org','/Professorat','Suspended','9425F6361FCED472E040D70A590548FB'),(130,'Maria Elena','Cabot March','mcabotm@iesfbmoll.org','/Professorat','Suspended','9425F634966BD472E040D70A590548FB'),(131,'Maria Isabel','Artero Martinez','martero@cifpfbmoll.eu','/Professorat','Active','NPI8TGET24U394L9QAVTCOVZZN3FRTMZ'),(132,'Maria Jose','Adamuz Cañada','madamuz@cifpfbmoll.eu','/Professorat','Active','07BUVPV2UAVRKKMTJLUQH8J1LJPXF0ZC'),(133,'Maria Jose','Rodriguez Buitrago','mrodriguezb@cifpfbmoll.eu','/Professorat','Active','9425F634D364D472E040D70A590548FB'),(134,'Maria Magdalena','Verger Vidal','mverger@cifpfbmoll.eu','/Professorat','Suspended','9425F635E1DDD472E040D70A590548FB'),(135,'Maria Magdalena','Rossello Galmes','mmrossello@iesfbmoll.org','/Professorat','Suspended','9425F635D079D472E040D70A590548FB'),(136,'Maria Nieves','Ventayol Gastalver','nventayol@cifpfbmoll.eu','/Professorat','Active','9487DEAEF93519D1E040D70A59052593'),(137,'Maria Paz','Rodrigo Piñera','mrodrigo@cifpfbmoll.eu','/Professorat','Suspended','9425F6350B45D472E040D70A590548FB'),(138,'Maria Soledad','Ruiz Rivera','mruizrivera@cifpfbmoll.eu','/Professorat','Active','6BUU32KCGVQJ994WPJJ08HB7HG9EZXPD'),(139,'Maria Teresa','Mestre Mut','tmestre@cifpfbmoll.eu','/Professorat','Active','9425F635D0EFD472E040D70A590548FB'),(140,'Marina','Garcias Salvà','margarcias@cifpfbmoll.eu','/Professorat','Active','BA167CF41EC2F6A7E040D70A590563A4'),(141,'Martí Antoni','Monjo Ballester','mmonjo@iesfbmoll.org','/Professorat','Suspended','9425F635F83ED472E040D70A590548FB'),(142,'María Del Carme','Coll Oliver','ccolloliver@cifpfbmoll.eu','/Professorat','Active','9425F635A31BD472E040D70A590548FB'),(143,'María Del Carmen','Inés Fernández','mines@cifpfbmoll.eu','/Professorat','Active','9425F635F86DD472E040D70A590548FB'),(144,'María Dolores','Calafat Gralla','mcalafat@iesfbmoll.org','/Professorat','Suspended','9425F635A334D472E040D70A590548FB'),(145,'María Dolores','Roca Oliver','mroca@iesfbmoll.org','/Professorat','Suspended','9425F635D085D472E040D70A590548FB'),(146,'María Esperanza','Tous Pascual','mtous@cifpfbmoll.eu','/Professorat','Active','9425F63529CED472E040D70A590548FB'),(147,'MARÍA VIOLETA','GARCÍA NÚÑEZ','vgarcian@cifpfbmoll.eu','/Professorat','Active','ZKFDBBEJ1MLPVJIN6W9CULJHGZRYP6GR'),(148,'Melanie','Monserrat Verbrugge','mmonserratv@cifpfbmoll.eu','/Professorat','Active','0AA3F78F460453D6648843D664FB9F32'),(149,'Miguel','Vallori Martorell','mvallori@cifpfbmoll.eu','/Professorat','Active','944BA535388BE45FE040D70A59055935'),(150,'Miquel','Miralles Fontirroig','mmiralles@cifpfbmoll.eu','/Professorat','Active','9425F63564CED472E040D70A590548FB'),(151,'Miquel','Taberner Salas','mtaberner@cifpfbmoll.eu','/Professorat','Active','B91203086F048E84E040D70A5905310A'),(152,'Miren Libe','Cárcamo Del Amo','mcarcamo@cifpfbmoll.eu','/Professorat','Active','9425F635D168D472E040D70A590548FB'),(153,'Máximo','Fernandez Riera','mfernandez@cifpfbmoll.eu','/Professorat','Active','2E5310CFE21F0B12E050D70A59056A4C'),(154,'Míriam','Herranz Alías','mherranzalias@cifpfbmoll.eu','/Professorat','Active','QDIX1K97XMEOJAIEQFC2MJO712U3SE98'),(155,'Nadal','Burguera Gari','nburguerag@cifpfbmoll.eu','/Professorat','Active','944BA5376E51E45FE040D70A59055935'),(156,'Naomi Amandine Floris','Crozier','ncrozier@cifpfbmoll.eu','/Professorat','Active','9425F636851AD472E040D70A590548FB'),(157,'Neus','Mari Rodriguez','nmari@cifpfbmoll.eu','/Professorat','Suspended','9425F63562E9D472E040D70A590548FB'),(158,'Neus','Cerdà Vich','ncerda@cifpfbmoll.eu','/Professorat','Active','9425F63564CCD472E040D70A590548FB'),(159,'Noemí','Garcies Artigues','ngarcies@cifpfbmoll.eu','/Professorat','Active','2X3SOA48N3GRKWBHEXUXZLARLCPHD5JP'),(160,'Pascual','Bosch Rosselló','pbosch@cifpfbmoll.eu','/Professorat','Active','9487DEAEFC5019D1E040D70A59052593'),(161,'Patricia','Martinez Mateu','pmartinez@iesfbmoll.org','/Professorat','Suspended','944BA534CFF5E45FE040D70A59055935'),(162,'Pedro','Reynés Planiol','preynes@cifpfbmoll.eu','/Professorat','Active','9425F634BFAAD472E040D70A590548FB'),(163,'Pere Ramon','Servera Gaya','pservera@cifpfbmoll.eu','/Professorat','Active','944BA534C83FE45FE040D70A59055935'),(164,'Rafael','Estarellas Matas','restarellasmatas@cifpfbmoll.eu','/Professorat','Active','944BA534FC1FE45FE040D70A59055935'),(165,'Rafael','Andión Fernández','randion@cifpfbmoll.eu','/Professorat','Active','944BA53600BAE45FE040D70A59055935'),(166,'Rafael','Gion Muñoz','rgion@cifpfbmoll.eu','/Professorat','Active','0X00J3SL1IRQZQNFNZZ3BF2C3NLR89P0'),(167,'Reyes','Carpintero González','reyescarpintero@cifpfbmoll.eu','/Professorat','Active','944BA5378498E45FE040D70A59055935'),(168,'Sara','Vives Riquelme','svivesriquelme@cifpfbmoll.eu','/Professorat','Active','9425F6355326D472E040D70A590548FB'),(169,'Sara','Navarro Ramos','snavarro@cifpfbmoll.eu','/Professorat','Suspended','YG5BLEC5OZL7SLT2ZQ1UIFGZ5ONY71R9'),(170,'Silvia Mercedes','Gómez Vega','sgomezv@cifpfbmoll.eu','/Professorat','Active','944BA533E726E45FE040D70A59055935'),(171,'Soraya','Torres Souto','storressouto@cifpfbmoll.eu','/Professorat','Active','944BA535DADBE45FE040D70A59055935'),(172,'Tomás','Ribot Jiménez','tribot@cifpfbmoll.eu','/Professorat','Active','9425F6362650D472E040D70A590548FB'),(173,'Toni','Gaya Mas','tgaya@cifpfbmoll.eu','/Professorat','Active','944BA535A3B4E45FE040D70A59055935'),(174,'Toni','Serna Rosselló','tserna@cifpfbmoll.eu','/Professorat','Active','IYRWUJR6LO3Z4MQU72Q5338ZBM5EA4MX'),(175,'Vanesa','D\'almeida Toyos','vdalmeida@cifpfbmoll.eu','/Professorat','Suspended','2E5310CFDE880B12E050D70A59056A4C'),(176,'Vicenta','Pérez Calabuig','vperez@cifpfbmoll.eu','/Professorat','Active','9425F635F854D472E040D70A590548FB'),(177,'Yuki','Fukusaka Mingorance','yfukusaka@cifpfbmoll.eu','/Professorat','Active','944BA5373603E45FE040D70A59055935');
/*!40000 ALTER TABLE `profGestib` ENABLE KEYS */;
UNLOCK TABLES;

--
-- Table structure for table `professorat`
--

DROP TABLE IF EXISTS `professorat`;
/*!40101 SET @saved_cs_client     = @@character_set_client */;
/*!50503 SET character_set_client = utf8mb4 */;
CREATE TABLE `professorat` (
  `id_prof` int(11) NOT NULL AUTO_INCREMENT,
  `codi` varchar(50) DEFAULT NULL,
  `nom` varchar(100) NOT NULL,
  `llin1` varchar(50) DEFAULT NULL,
  `llin2` varchar(50) DEFAULT NULL,
  `email` varchar(100) DEFAULT NULL,
  `username` varchar(30) DEFAULT NULL,
  `departament` varchar(30) NOT NULL,
  `comentaris` varchar(100) DEFAULT NULL,
  `credit` int(11) DEFAULT 15,
  PRIMARY KEY (`id_prof`)
) ENGINE=InnoDB AUTO_INCREMENT=117 DEFAULT CHARSET=utf8mb4 COLLATE=utf8mb4_general_ci;
/*!40101 SET character_set_client = @saved_cs_client */;

--
-- Dumping data for table `professorat`
--

LOCK TABLES `professorat` WRITE;
/*!40000 ALTER TABLE `professorat` DISABLE KEYS */;
INSERT INTO `professorat` VALUES (2,'EAPQLOSOQ2ODNUNDP34J4O91I6PMKU4D','ALBERTO','ACUÑA','ALLOZA','aacuna@cifpfbmoll.eu','x21472507','7315',NULL,15),(8,'9425F634D362D472E040D70A590548FB','ANTONI','AMENGUAL','SALAS','aamengual@cifpfbmoll.eu','x43090845','7315',NULL,15),(9,'944BA53600BAE45FE040D70A59055935','RAFAEL','ANDIÓN','FERNÁNDEZ','randion@cifpfbmoll.eu','x32435522','7315',NULL,15),(12,'3T9FPFQ2T878YPHDSFRBUBLR92DDUYCO','JAUME','BARCELO','VICENS','jbarcelo@cifpfbmoll.eu','x43135949','7315',NULL,15),(18,'9487DEAED79119D1E040D70A59052593','MARIA ADELA','BUJOSA','VICH','mbujosa@cifpfbmoll.eu','x43042900','7315',NULL,15),(19,'944BA5376E51E45FE040D70A59055935','NADAL','BURGUERA','GARI','nburguerag@cifpfbmoll.eu','x43114807','7315',NULL,15),(21,'9425F635A68AD472E040D70A590548FB','MARIA DEL MAR','CARDONA','ARANDA','mcardonaaranda@cifpfbmoll.eu','x43215599','7315',NULL,15),(26,'9425F635A31BD472E040D70A590548FB','MARIA DEL CARME','COLL','OLIVER','ccolloliver@cifpfbmoll.eu','x43092105','7310',NULL,15),(35,'944BA534FC1FE45FE040D70A59055935','RAFAEL','ESTARELLAS','MATAS','restarellasmatas@cifpfbmoll.eu','x43070865','7315',NULL,15),(37,'2E5310CFE21F0B12E050D70A59056A4C','MÁXIMO','FERNÁNDEZ','RIERA','mfernandez@cifpfbmoll.eu','e43148742y','7315',NULL,15),(39,'5WAWKTGIXXFOUEYVWIXBE4S59WEIILIZ','AINA','FONOLLERES','VILLEGAS','afonolleres@cifpfbmoll.eu','x43137697','7315',NULL,15),(43,'9425F635D0F0D472E040D70A590548FB','ANTONIA','GARCÍA','GINARD','agarciag@cifpfbmoll.eu','x43006409','7315',NULL,15),(46,'BA167CF41EC2F6A7E040D70A590563A4','MARINA','GARCIAS','SALVA','margarcias@cifpfbmoll.eu','x78216943','7313',NULL,13),(48,'944BA535A3B4E45FE040D70A59055935','ANTONI','GAYÁ','MAS','tgaya@cifpfbmoll.eu','x18220777','7315',NULL,15),(49,'0X00J3SL1IRQZQNFNZZ3BF2C3NLR89P0','RAFAEL','GIÓN','MUÑOZ','rgion@cifpfbmoll.eu','x44800785','7315',NULL,15),(54,'9425F635DA7BD472E040D70A590548FB','JOSEP LLUIS','HUERTA','GRAFIA','jlhuertagrafia@cifpfbmoll.eu','x52682218','7315',NULL,15),(62,'W9NKGRQK8W8T1DRLIL379AF2T0CVZSY6','ALEXANDRE','MAS','SOLANO','amassol@cifpfbmoll.eu','e43153628q','7313',NULL,15),(66,'9425F635D0EFD472E040D70A590548FB','MARIA TERESA','MESTRE','MUT','tmestre@cifpfbmoll.eu','x43064336','7315',NULL,15),(70,'45TGHU6AMUNBYRFDVU2ZK84HIK6O9KX9','ANASTASIO','MORERA','MARTEL','amorera@cifpfbmoll.eu','x42171024','7315',NULL,15),(72,'2E5310CFDF700B12E050D70A59056A4C','JAIME TOMAS','MOTA','GOMEZ','jmota@cifpfbmoll.eu','x74513850','7315',NULL,15),(73,'9487DEAF0AC119D1E040D70A59052593','MACIÀ','MUT','PUIGSERVER','mmut@cifpfbmoll.eu','x43027588','7315',NULL,15),(74,'9425F634D34AD472E040D70A590548FB','MARIA DEL CARMEN','NOGUERA','LLABRÉS','cnoguera@cifpfbmoll.eu','x43048840','7315',NULL,15),(77,'944BA5362FC9E45FE040D70A59055935','ANTONIO','PASCUAL','GALMÉS','apascual@cifpfbmoll.eu','x18222436','7313',NULL,15),(81,'HEIG3NIZ3VJYDDSR4XSOWKCCYV125XAA','ALEJANDRO JOSE','PONS','GARCÍA','aponsgarcia@cifpfbmoll.eu','x43159103','7315',NULL,15),(85,'9425F635D072D472E040D70A590548FB','JUAN MIGUEL','RAMON','TUR','jramont@cifpfbmoll.eu','x41445641','7315',NULL,15),(86,'ATEBPTYCH3I39DVQ87KC53A9C62JJED2','EMILIO','REAL','ARTACHO','ereal@cifpfbmoll.eu','u83540','7315',NULL,15),(88,'9425F6362650D472E040D70A590548FB','TOMÁS','RIBOT','JIMÉNEZ','tribot@cifpfbmoll.eu','x18226289','7315',NULL,15),(90,'9425F634D364D472E040D70A590548FB','MARIA JOSE','RODRIGUEZ','BUITRAGO','mrodriguezb@cifpfbmoll.eu','x73768677','7313',NULL,15),(91,'6BUU32KCGVQJ994WPJJ08HB7HG9EZXPD','MARIA SOLEDAD','RUIZ','RIVERA','mruizrivera@cifpfbmoll.eu','e43085307m','7315',NULL,15),(92,'944BA535721EE45FE040D70A59055935','BARTOLOME','SABATER','BOSCH','bsabater@cifpfbmoll.eu','x43026097','7315',NULL,15),(93,'9425F63398DDD472E040D70A590548FB','GUILLERMO FRANCISCO','SALOM','FORTEZA','gsalom@cifpfbmoll.eu','u59296','7315',NULL,15),(95,'KK227M5LQXVIDLMM28DLNN3MO76EO83P','ANA LAURA','SÁNCHEZ','FERNÁNDEZ','alsanchez@cifpfbmoll.eu','e43126590a','7315',NULL,15),(98,'9425F633E33ED472E040D70A590548FB','BARTOMEU','SEGURA','DURAN','bseguraduran@cifpfbmoll.eu','e43053293f','7315',NULL,12),(99,'IYRWUJR6LO3Z4MQU72Q5338ZBM5EA4MX','ANTONIO','SERNA','ROSSELLO','tserna@cifpfbmoll.eu','x43065877','7315',NULL,15),(102,'B91203086F048E84E040D70A5905310A','MIGUEL','TABERNER','SALAS','mtaberner@cifpfbmoll.eu','x43137184','7315',NULL,15),(106,'944BA5381316E45FE040D70A59055935','JUANA MARÍA','TOMÁS','ROCA','jtomas1@cifpfbmoll.eu','x43042184','7313',NULL,15),(110,'9425F633F56AD472E040D70A590548FB','JUAN','VALLESPIR','FERRAGUT','jvallespirferragut@cifpfbmoll.eu','x43046780','7310',NULL,14);
/*!40000 ALTER TABLE `professorat` ENABLE KEYS */;
UNLOCK TABLES;

--
-- Table structure for table `revisions`
--

DROP TABLE IF EXISTS `revisions`;
/*!40101 SET @saved_cs_client     = @@character_set_client */;
/*!50503 SET character_set_client = utf8mb4 */;
CREATE TABLE `revisions` (
  `id_rev` int(11) NOT NULL AUTO_INCREMENT,
  `data_rev` date NOT NULL,
  `hora_rev` time NOT NULL,
  `email` varchar(100) NOT NULL,
  `id_aula` int(11) DEFAULT NULL,
  `aula` varchar(30) DEFAULT NULL,
  `estat` varchar(30) NOT NULL,
  `comentaris` varchar(300) NOT NULL,
  PRIMARY KEY (`id_rev`)
) ENGINE=InnoDB AUTO_INCREMENT=93 DEFAULT CHARSET=utf8mb4 COLLATE=utf8mb4_general_ci;
/*!40101 SET character_set_client = @saved_cs_client */;

--
-- Dumping data for table `revisions`
--

LOCK TABLES `revisions` WRITE;
/*!40000 ALTER TABLE `revisions` DISABLE KEYS */;
INSERT INTO `revisions` VALUES (1,'2024-03-18','19:33:15','rgion@cifpfbmoll.eu',133747,'C401 CIBER','OK','Actualment dos alumnes utitzen ordinadors. 24 ordinadors en total '),(2,'2024-03-18','21:12:24','jbarcelo@cifpfbmoll.eu',133709,'A105','INCIDÈNCIA DETECTADA','Els ordinadors que tenen els alumnes i el full d\'assignació no coincideixen. Tampoc coincideixen els alumens que hi ha a classe amb els alumnes que hi ha al full d\'assignació perquè es tracta d\'un grup d\'intensiva on els alumnes van canviant.'),(3,'2024-03-19','15:33:56','jbarcelo@cifpfbmoll.eu',133709,'A105','INCIDÈNCIA DETECTADA','Hi ha 6 ordinadors a l\'armariet. Falten els ordinadors d\'en Luis i en Juan Ángel.'),(4,'2024-03-19','17:13:35','mbujosa@cifpfbmoll.eu',133721,'A200','OK',''),(5,'2024-03-19','21:15:29','mfernandez@cifpfbmoll.eu',133709,'A105','OK',''),(6,'2024-03-19','21:19:55','jmota@cifpfbmoll.eu',133718,'A000','OK',''),(7,'2024-03-20','11:13:49','cnoguera@cifpfbmoll.eu',133747,'C401','OK',''),(8,'2024-03-20','12:48:13','aamengual@cifpfbmoll.eu',133747,'C401','OK',''),(9,'2024-03-20','18:18:40','nburguerag@cifpfbmoll.eu',133709,'A105','OK',''),(10,'2024-03-20','20:34:34','mbujosa@cifpfbmoll.eu',133720,'A107','OK',''),(11,'2024-03-20','21:04:51','jbarcelo@cifpfbmoll.eu',133721,'A200','INCIDÈNCIA DETECTADA','Hi ha un caos perquè els alumnes canvien cada dia i no es corresponen a la llista d\'assignació. Ara mateix hi ha 8 portàtils al carretó, però no hi ha els alumnes als quals estan assignats perquè qualcuns alumnes han anat a l\'A105.'),(12,'2024-03-21','14:05:27','alsanchez@cifpfbmoll.eu',133747,'C401','OK',''),(13,'2024-03-21','18:55:40','restarellasmatas@cifpfbmoll.eu',133709,'A105','OK',''),(14,'2024-03-21','20:55:33','mbujosa@cifpfbmoll.eu',133708,'A208','OK',''),(15,'2024-03-21','21:26:00','restarellasmatas@cifpfbmoll.eu',133721,'A200','OK',''),(16,'2024-03-22','14:25:43','afonolleres@cifpfbmoll.eu',133747,'C401','OK',''),(17,'2024-03-22','15:29:35','jbarcelo@cifpfbmoll.eu',133709,'A105','OK','3 màquines. Igual com al full d\'assignació.'),(18,'2024-03-22','18:03:28','jbarcelo@cifpfbmoll.eu',133709,'A105','OK','3 ordinadors'),(19,'2024-03-22','18:07:37','mtaberner@cifpfbmoll.eu',133720,'A107','OK',''),(20,'2024-03-22','21:01:44','jbarcelo@cifpfbmoll.eu',133721,'A200','OK','7 ordinadors.'),(21,'2024-03-25','08:36:10','cnoguera@cifpfbmoll.eu',133747,'C401','OK',''),(22,'2024-03-25','14:20:45','afonolleres@cifpfbmoll.eu',133747,'C401','OK',''),(23,'2024-03-25','15:25:19','tribot@cifpfbmoll.eu',133709,'A105','OK','15:30h Sin novedad en el frente.'),(24,'2024-03-25','18:14:22','nburguerag@cifpfbmoll.eu',133720,'A107','OK',''),(25,'2024-03-25','18:16:55','tribot@cifpfbmoll.eu',133753,'C300','OK','Ordinador Pablo OK.'),(26,'2024-03-25','18:21:49','mfernandez@cifpfbmoll.eu',133709,'A105','OK',''),(27,'2024-03-25','21:21:28','mfernandez@cifpfbmoll.eu',133721,'A200','OK',''),(28,'2024-03-26','08:32:52','cnoguera@cifpfbmoll.eu',133747,'C401','OK',''),(29,'2024-03-26','14:31:38','afonolleres@cifpfbmoll.eu',133747,'C401','OK',''),(30,'2024-03-26','15:24:40','jbarcelo@cifpfbmoll.eu',133709,'A105','OK','3 ordinadors'),(31,'2024-03-26','18:03:28','apascual@cifpfbmoll.eu',133753,'C300','OK',''),(32,'2024-03-26','18:11:14','nburguerag@cifpfbmoll.eu',133709,'A105','OK',''),(33,'2024-03-26','20:07:08','restarellasmatas@cifpfbmoll.eu',133708,'A208','OK',''),(34,'2024-04-08','08:34:35','cnoguera@cifpfbmoll.eu',133747,'C401','OK',''),(35,'2024-04-08','10:27:21','agarciag@cifpfbmoll.eu',133751,'C402','OK',''),(36,'2024-04-08','14:19:34','afonolleres@cifpfbmoll.eu',133747,'C401','OK',''),(37,'2024-04-08','18:14:05','nburguerag@cifpfbmoll.eu',133720,'A107','OK',''),(38,'2024-04-08','18:20:53','mfernandez@cifpfbmoll.eu',133709,'A105','OK',''),(39,'2024-04-08','21:26:10','mfernandez@cifpfbmoll.eu',133721,'A200','INCIDÈNCIA DETECTADA','No he pogut tancar el carretó amb la clau.'),(40,'2024-04-09','08:34:08','cnoguera@cifpfbmoll.eu',133747,'C401','OK',''),(41,'2024-04-09','14:36:54','afonolleres@cifpfbmoll.eu',133747,'C401','OK',''),(42,'2024-04-09','20:43:26','restarellasmatas@cifpfbmoll.eu',133708,'A208','OK',''),(43,'2024-04-09','21:03:19','tserna@cifpfbmoll.eu',133721,'A200','OK','Deixo l\'equip hyperion07 al departament perquè acabi una operació de copia d\'arxius grans. Demà (dia 10) tornarà al carretó '),(44,'2024-04-09','21:13:12','jmota@cifpfbmoll.eu',133718,'A000','OK',''),(45,'2024-04-09','21:20:34','rgion@cifpfbmoll.eu',133747,'C401 CIBER','OK',''),(46,'2024-04-10','08:37:00','cnoguera@cifpfbmoll.eu',133747,'C401','OK',''),(47,'2024-04-10','15:44:43','mcardonaaranda@cifpfbmoll.eu',133720,'A107','OK',''),(48,'2024-04-10','16:30:35','mfernandez@cifpfbmoll.eu',133709,'A105','OK',''),(49,'2024-04-10','17:55:49','mtaberner@cifpfbmoll.eu',133753,'C300','OK',''),(50,'2024-04-10','18:16:34','mcardonaaranda@cifpfbmoll.eu',133720,'A107','OK',''),(51,'2024-04-10','18:21:20','mmut@cifpfbmoll.eu',133708,'A208','OK',''),(52,'2024-04-10','20:30:04','jbarcelo@cifpfbmoll.eu',133721,'A200','OK','Pareix que la classe estava oberta durant el descans.'),(53,'2024-04-11','14:17:22','alsanchez@cifpfbmoll.eu',133747,'C401','OK',''),(54,'2024-04-11','18:16:22','restarellasmatas@cifpfbmoll.eu',133709,'A105','OK',''),(55,'2024-04-11','18:17:33','mtaberner@cifpfbmoll.eu',133720,'A107','OK',''),(56,'2024-04-11','20:32:56','restarellasmatas@cifpfbmoll.eu',133721,'A200','OK',''),(57,'2024-04-11','21:20:04','jmota@cifpfbmoll.eu',133718,'A000','OK',''),(58,'2024-04-12','14:36:43','afonolleres@cifpfbmoll.eu',133747,'C401','OK',''),(59,'2024-04-12','15:28:52','jbarcelo@cifpfbmoll.eu',133709,'A105','OK',''),(60,'2024-04-12','18:11:16','jbarcelo@cifpfbmoll.eu',133709,'A105','OK','L\'armariet de fusta està un poc romput però encara tanca.'),(61,'2024-04-12','20:51:29','jbarcelo@cifpfbmoll.eu',133721,'A200','OK',''),(62,'2024-04-15','08:32:32','cnoguera@cifpfbmoll.eu',133747,'C401','OK',''),(63,'2024-04-15','14:26:52','afonolleres@cifpfbmoll.eu',133747,'C401','OK',''),(64,'2024-04-15','15:31:51','nburguerag@cifpfbmoll.eu',133720,'A107','INCIDÈNCIA DETECTADA','A les 15:30 15/04/2024 el carretó de la A107 estava obert, no fa falta cap portatil.'),(65,'2024-04-15','17:42:48','tribot@cifpfbmoll.eu',133709,'A105','OK',''),(66,'2024-04-15','18:16:58','nburguerag@cifpfbmoll.eu',133720,'A107','OK',''),(67,'2024-04-15','21:09:46','tserna@cifpfbmoll.eu',133747,'C401 CIBER','OK',''),(68,'2024-04-15','21:22:27','jmota@cifpfbmoll.eu',133742,'C101','OK',''),(69,'2024-04-15','22:45:46','mmut@cifpfbmoll.eu',133708,'A208','OK',''),(70,'2024-04-16','08:35:30','cnoguera@cifpfbmoll.eu',133747,'C401','OK',''),(71,'2024-04-16','14:25:42','afonolleres@cifpfbmoll.eu',133747,'C401','OK',''),(72,'2024-04-16','15:25:50','jbarcelo@cifpfbmoll.eu',133709,'A105','OK',''),(73,'2024-04-16','15:34:21','mcardonaaranda@cifpfbmoll.eu',133720,'A107','OK','Tot ok al inici de classe '),(74,'2024-04-16','16:34:38','mcardonaaranda@cifpfbmoll.eu',133720,'A107','OK','Fin classe tot ok'),(75,'2024-04-16','18:18:42','nburguerag@cifpfbmoll.eu',133709,'A105','OK',''),(76,'2024-04-16','20:58:04','restarellasmatas@cifpfbmoll.eu',133708,'A208','OK',''),(77,'2024-04-16','21:16:00','tserna@cifpfbmoll.eu',133721,'A200','OK',''),(78,'2024-04-16','21:21:17','jmota@cifpfbmoll.eu',133718,'A000','OK',''),(79,'2024-04-17','08:52:13','cnoguera@cifpfbmoll.eu',133747,'C401','OK',''),(80,'2024-04-17','18:17:51','nburguerag@cifpfbmoll.eu',133709,'A105','OK',''),(81,'2024-04-17','18:18:29','mmut@cifpfbmoll.eu',133708,'A208','OK',''),(82,'2024-04-17','19:44:46','rgion@cifpfbmoll.eu',133747,'C401 CIBER','OK',''),(83,'2024-04-17','19:46:31','mbujosa@cifpfbmoll.eu',133708,'A208','OK',''),(84,'2024-04-17','21:11:20','jbarcelo@cifpfbmoll.eu',133721,'A200','OK',''),(85,'2024-04-17','21:21:46','aacuna@cifpfbmoll.eu',133718,'A000','OK',''),(86,'2024-04-18','01:53:58','aacuna@cifpfbmoll.eu',133742,'C101','INCIDÈNCIA DETECTADA','Realizada la baja del ordenador de alumno Maxwell, por darse de baja del centro Hiperion 18. Ordenadores actuales 11, está en el cuarto de las ratas con los otros retirados.'),(87,'2024-04-18','14:14:39','alsanchez@cifpfbmoll.eu',133747,'C401','OK',''),(88,'2024-04-18','15:26:10','mruizrivera@cifpfbmoll.eu',133720,'A107','OK',''),(89,'2024-04-18','18:05:57','mtaberner@cifpfbmoll.eu',133720,'A107','OK',''),(90,'2024-04-18','18:13:16','restarellasmatas@cifpfbmoll.eu',133709,'A105','OK',''),(91,'2024-04-18','21:06:14','jmota@cifpfbmoll.eu',133718,'A000','OK',''),(92,'2024-04-18','21:07:06','mbujosa@cifpfbmoll.eu',133708,'A208','OK','');
/*!40000 ALTER TABLE `revisions` ENABLE KEYS */;
UNLOCK TABLES;

--
-- Table structure for table `revisionsafer`
--

DROP TABLE IF EXISTS `revisionsafer`;
/*!40101 SET @saved_cs_client     = @@character_set_client */;
/*!50503 SET character_set_client = utf8mb4 */;
CREATE TABLE `revisionsafer` (
  `id_revafer` int(11) NOT NULL AUTO_INCREMENT,
  `id_prof` int(11) NOT NULL,
  `id_car` int(11) NOT NULL,
  `tipusrevisio` varchar(30) NOT NULL,
  `dia` varchar(30) NOT NULL,
  PRIMARY KEY (`id_revafer`),
  KEY `id_prof` (`id_prof`),
  KEY `id_car` (`id_car`)
) ENGINE=InnoDB AUTO_INCREMENT=2 DEFAULT CHARSET=utf8mb4 COLLATE=utf8mb4_general_ci;
/*!40101 SET character_set_client = @saved_cs_client */;

--
-- Dumping data for table `revisionsafer`
--

LOCK TABLES `revisionsafer` WRITE;
/*!40000 ALTER TABLE `revisionsafer` DISABLE KEYS */;
INSERT INTO `revisionsafer` VALUES (1,1,1,'OBLIGATORIA','DILLUNS');
/*!40000 ALTER TABLE `revisionsafer` ENABLE KEYS */;
UNLOCK TABLES;

--
-- Dumping events for database 'cherlock'
--

--
-- Dumping routines for database 'cherlock'
--
/*!40103 SET TIME_ZONE=@OLD_TIME_ZONE */;

/*!40101 SET SQL_MODE=@OLD_SQL_MODE */;
/*!40014 SET FOREIGN_KEY_CHECKS=@OLD_FOREIGN_KEY_CHECKS */;
/*!40014 SET UNIQUE_CHECKS=@OLD_UNIQUE_CHECKS */;
/*!40101 SET CHARACTER_SET_CLIENT=@OLD_CHARACTER_SET_CLIENT */;
/*!40101 SET CHARACTER_SET_RESULTS=@OLD_CHARACTER_SET_RESULTS */;
/*!40101 SET COLLATION_CONNECTION=@OLD_COLLATION_CONNECTION */;
/*!40111 SET SQL_NOTES=@OLD_SQL_NOTES */;

-- Dump completed on 2024-04-19 13:40:21
